Date,Year,Quarter,MonthNumber,MonthName,YearMonth,Day,WeekdayNumber,WeekdayName
2021-01-01,2021,Q1,1,January,2021-01,1,5,Friday
2021-01-02,2021,Q1,1,January,2021-01,2,6,Saturday
2021-01-03,2021,Q1,1,January,2021-01,3,7,Sunday
2021-01-04,2021,Q1,1,January,2021-01,4,1,Monday
2021-01-05,2021,Q1,1,January,2021-01,5,2,Tuesday
2021-01-06,2021,Q1,1,January,2021-01,6,3,Wednesday
2021-01-07,2021,Q1,1,January,2021-01,7,4,Thursday
2021-01-08,2021,Q1,1,January,2021-01,8,5,Friday
2021-01-09,2021,Q1,1,January,2021-01,9,6,Saturday
2021-01-10,2021,Q1,1,January,2021-01,10,7,Sunday
2021-01-11,2021,Q1,1,January,2021-01,11,1,Monday
2021-01-12,2021,Q1,1,January,2021-01,12,2,Tuesday
2021-01-13,2021,Q1,1,January,2021-01,13,3,Wednesday
2021-01-14,2021,Q1,1,January,2021-01,14,4,Thursday
2021-01-15,2021,Q1,1,January,2021-01,15,5,Friday
2021-01-16,2021,Q1,1,January,2021-01,16,6,Saturday
2021-01-17,2021,Q1,1,January,2021-01,17,7,Sunday
2021-01-18,2021,Q1,1,January,2021-01,18,1,Monday
2021-01-19,2021,Q1,1,January,2021-01,19,2,Tuesday
2021-01-20,2021,Q1,1,January,2021-01,20,3,Wednesday
2021-01-21,2021,Q1,1,January,2021-01,21,4,Thursday
2021-01-22,2021,Q1,1,January,2021-01,22,5,Friday
2021-01-23,2021,Q1,1,January,2021-01,23,6,Saturday
2021-01-24,2021,Q1,1,January,2021-01,24,7,Sunday
2021-01-25,2021,Q1,1,January,2021-01,25,1,Monday
2021-01-26,2021,Q1,1,January,2021-01,26,2,Tuesday
2021-01-27,2021,Q1,1,January,2021-01,27,3,Wednesday
2021-01-28,2021,Q1,1,January,2021-01,28,4,Thursday
2021-01-29,2021,Q1,1,January,2021-01,29,5,Friday
2021-01-30,2021,Q1,1,January,2021-01,30,6,Saturday
2021-01-31,2021,Q1,1,January,2021-01,31,7,Sunday
2021-02-01,2021,Q1,2,February,2021-02,1,1,Monday
2021-02-02,2021,Q1,2,February,2021-02,2,2,Tuesday
2021-02-03,2021,Q1,2,February,2021-02,3,3,Wednesday
2021-02-04,2021,Q1,2,February,2021-02,4,4,Thursday
2021-02-05,2021,Q1,2,February,2021-02,5,5,Friday
2021-02-06,2021,Q1,2,February,2021-02,6,6,Saturday
2021-02-07,2021,Q1,2,February,2021-02,7,7,Sunday
2021-02-08,2021,Q1,2,February,2021-02,8,1,Monday
2021-02-09,2021,Q1,2,February,2021-02,9,2,Tuesday
2021-02-10,2021,Q1,2,February,2021-02,10,3,Wednesday
2021-02-11,2021,Q1,2,February,2021-02,11,4,Thursday
2021-02-12,2021,Q1,2,February,2021-02,12,5,Friday
2021-02-13,2021,Q1,2,February,2021-02,13,6,Saturday
2021-02-14,2021,Q1,2,February,2021-02,14,7,Sunday
2021-02-15,2021,Q1,2,February,2021-02,15,1,Monday
2021-02-16,2021,Q1,2,February,2021-02,16,2,Tuesday
2021-02-17,2021,Q1,2,February,2021-02,17,3,Wednesday
2021-02-18,2021,Q1,2,February,2021-02,18,4,Thursday
2021-02-19,2021,Q1,2,February,2021-02,19,5,Friday
2021-02-20,2021,Q1,2,February,2021-02,20,6,Saturday
2021-02-21,2021,Q1,2,February,2021-02,21,7,Sunday
2021-02-22,2021,Q1,2,February,2021-02,22,1,Monday
2021-02-23,2021,Q1,2,February,2021-02,23,2,Tuesday
2021-02-24,2021,Q1,2,February,2021-02,24,3,Wednesday
2021-02-25,2021,Q1,2,February,2021-02,25,4,Thursday
2021-02-26,2021,Q1,2,February,2021-02,26,5,Friday
2021-02-27,2021,Q1,2,February,2021-02,27,6,Saturday
2021-02-28,2021,Q1,2,February,2021-02,28,7,Sunday
2021-03-01,2021,Q1,3,March,2021-03,1,1,Monday
2021-03-02,2021,Q1,3,March,2021-03,2,2,Tuesday
2021-03-03,2021,Q1,3,March,2021-03,3,3,Wednesday
2021-03-04,2021,Q1,3,March,2021-03,4,4,Thursday
2021-03-05,2021,Q1,3,March,2021-03,5,5,Friday
2021-03-06,2021,Q1,3,March,2021-03,6,6,Saturday
2021-03-07,2021,Q1,3,March,2021-03,7,7,Sunday
2021-03-08,2021,Q1,3,March,2021-03,8,1,Monday
2021-03-09,2021,Q1,3,March,2021-03,9,2,Tuesday
2021-03-10,2021,Q1,3,March,2021-03,10,3,Wednesday
2021-03-11,2021,Q1,3,March,2021-03,11,4,Thursday
2021-03-12,2021,Q1,3,March,2021-03,12,5,Friday
2021-03-13,2021,Q1,3,March,2021-03,13,6,Saturday
2021-03-14,2021,Q1,3,March,2021-03,14,7,Sunday
2021-03-15,2021,Q1,3,March,2021-03,15,1,Monday
2021-03-16,2021,Q1,3,March,2021-03,16,2,Tuesday
2021-03-17,2021,Q1,3,March,2021-03,17,3,Wednesday
2021-03-18,2021,Q1,3,March,2021-03,18,4,Thursday
2021-03-19,2021,Q1,3,March,2021-03,19,5,Friday
2021-03-20,2021,Q1,3,March,2021-03,20,6,Saturday
2021-03-21,2021,Q1,3,March,2021-03,21,7,Sunday
2021-03-22,2021,Q1,3,March,2021-03,22,1,Monday
2021-03-23,2021,Q1,3,March,2021-03,23,2,Tuesday
2021-03-24,2021,Q1,3,March,2021-03,24,3,Wednesday
2021-03-25,2021,Q1,3,March,2021-03,25,4,Thursday
2021-03-26,2021,Q1,3,March,2021-03,26,5,Friday
2021-03-27,2021,Q1,3,March,2021-03,27,6,Saturday
2021-03-28,2021,Q1,3,March,2021-03,28,7,Sunday
2021-03-29,2021,Q1,3,March,2021-03,29,1,Monday
2021-03-30,2021,Q1,3,March,2021-03,30,2,Tuesday
2021-03-31,2021,Q1,3,March,2021-03,31,3,Wednesday
2021-04-01,2021,Q2,4,April,2021-04,1,4,Thursday
2021-04-02,2021,Q2,4,April,2021-04,2,5,Friday
2021-04-03,2021,Q2,4,April,2021-04,3,6,Saturday
2021-04-04,2021,Q2,4,April,2021-04,4,7,Sunday
2021-04-05,2021,Q2,4,April,2021-04,5,1,Monday
2021-04-06,2021,Q2,4,April,2021-04,6,2,Tuesday
2021-04-07,2021,Q2,4,April,2021-04,7,3,Wednesday
2021-04-08,2021,Q2,4,April,2021-04,8,4,Thursday
2021-04-09,2021,Q2,4,April,2021-04,9,5,Friday
2021-04-10,2021,Q2,4,April,2021-04,10,6,Saturday
2021-04-11,2021,Q2,4,April,2021-04,11,7,Sunday
2021-04-12,2021,Q2,4,April,2021-04,12,1,Monday
2021-04-13,2021,Q2,4,April,2021-04,13,2,Tuesday
2021-04-14,2021,Q2,4,April,2021-04,14,3,Wednesday
2021-04-15,2021,Q2,4,April,2021-04,15,4,Thursday
2021-04-16,2021,Q2,4,April,2021-04,16,5,Friday
2021-04-17,2021,Q2,4,April,2021-04,17,6,Saturday
2021-04-18,2021,Q2,4,April,2021-04,18,7,Sunday
2021-04-19,2021,Q2,4,April,2021-04,19,1,Monday
2021-04-20,2021,Q2,4,April,2021-04,20,2,Tuesday
2021-04-21,2021,Q2,4,April,2021-04,21,3,Wednesday
2021-04-22,2021,Q2,4,April,2021-04,22,4,Thursday
2021-04-23,2021,Q2,4,April,2021-04,23,5,Friday
2021-04-24,2021,Q2,4,April,2021-04,24,6,Saturday
2021-04-25,2021,Q2,4,April,2021-04,25,7,Sunday
2021-04-26,2021,Q2,4,April,2021-04,26,1,Monday
2021-04-27,2021,Q2,4,April,2021-04,27,2,Tuesday
2021-04-28,2021,Q2,4,April,2021-04,28,3,Wednesday
2021-04-29,2021,Q2,4,April,2021-04,29,4,Thursday
2021-04-30,2021,Q2,4,April,2021-04,30,5,Friday
2021-05-01,2021,Q2,5,May,2021-05,1,6,Saturday
2021-05-02,2021,Q2,5,May,2021-05,2,7,Sunday
2021-05-03,2021,Q2,5,May,2021-05,3,1,Monday
2021-05-04,2021,Q2,5,May,2021-05,4,2,Tuesday
2021-05-05,2021,Q2,5,May,2021-05,5,3,Wednesday
2021-05-06,2021,Q2,5,May,2021-05,6,4,Thursday
2021-05-07,2021,Q2,5,May,2021-05,7,5,Friday
2021-05-08,2021,Q2,5,May,2021-05,8,6,Saturday
2021-05-09,2021,Q2,5,May,2021-05,9,7,Sunday
2021-05-10,2021,Q2,5,May,2021-05,10,1,Monday
2021-05-11,2021,Q2,5,May,2021-05,11,2,Tuesday
2021-05-12,2021,Q2,5,May,2021-05,12,3,Wednesday
2021-05-13,2021,Q2,5,May,2021-05,13,4,Thursday
2021-05-14,2021,Q2,5,May,2021-05,14,5,Friday
2021-05-15,2021,Q2,5,May,2021-05,15,6,Saturday
2021-05-16,2021,Q2,5,May,2021-05,16,7,Sunday
2021-05-17,2021,Q2,5,May,2021-05,17,1,Monday
2021-05-18,2021,Q2,5,May,2021-05,18,2,Tuesday
2021-05-19,2021,Q2,5,May,2021-05,19,3,Wednesday
2021-05-20,2021,Q2,5,May,2021-05,20,4,Thursday
2021-05-21,2021,Q2,5,May,2021-05,21,5,Friday
2021-05-22,2021,Q2,5,May,2021-05,22,6,Saturday
2021-05-23,2021,Q2,5,May,2021-05,23,7,Sunday
2021-05-24,2021,Q2,5,May,2021-05,24,1,Monday
2021-05-25,2021,Q2,5,May,2021-05,25,2,Tuesday
2021-05-26,2021,Q2,5,May,2021-05,26,3,Wednesday
2021-05-27,2021,Q2,5,May,2021-05,27,4,Thursday
2021-05-28,2021,Q2,5,May,2021-05,28,5,Friday
2021-05-29,2021,Q2,5,May,2021-05,29,6,Saturday
2021-05-30,2021,Q2,5,May,2021-05,30,7,Sunday
2021-05-31,2021,Q2,5,May,2021-05,31,1,Monday
2021-06-01,2021,Q2,6,June,2021-06,1,2,Tuesday
2021-06-02,2021,Q2,6,June,2021-06,2,3,Wednesday
2021-06-03,2021,Q2,6,June,2021-06,3,4,Thursday
2021-06-04,2021,Q2,6,June,2021-06,4,5,Friday
2021-06-05,2021,Q2,6,June,2021-06,5,6,Saturday
2021-06-06,2021,Q2,6,June,2021-06,6,7,Sunday
2021-06-07,2021,Q2,6,June,2021-06,7,1,Monday
2021-06-08,2021,Q2,6,June,2021-06,8,2,Tuesday
2021-06-09,2021,Q2,6,June,2021-06,9,3,Wednesday
2021-06-10,2021,Q2,6,June,2021-06,10,4,Thursday
2021-06-11,2021,Q2,6,June,2021-06,11,5,Friday
2021-06-12,2021,Q2,6,June,2021-06,12,6,Saturday
2021-06-13,2021,Q2,6,June,2021-06,13,7,Sunday
2021-06-14,2021,Q2,6,June,2021-06,14,1,Monday
2021-06-15,2021,Q2,6,June,2021-06,15,2,Tuesday
2021-06-16,2021,Q2,6,June,2021-06,16,3,Wednesday
2021-06-17,2021,Q2,6,June,2021-06,17,4,Thursday
2021-06-18,2021,Q2,6,June,2021-06,18,5,Friday
2021-06-19,2021,Q2,6,June,2021-06,19,6,Saturday
2021-06-20,2021,Q2,6,June,2021-06,20,7,Sunday
2021-06-21,2021,Q2,6,June,2021-06,21,1,Monday
2021-06-22,2021,Q2,6,June,2021-06,22,2,Tuesday
2021-06-23,2021,Q2,6,June,2021-06,23,3,Wednesday
2021-06-24,2021,Q2,6,June,2021-06,24,4,Thursday
2021-06-25,2021,Q2,6,June,2021-06,25,5,Friday
2021-06-26,2021,Q2,6,June,2021-06,26,6,Saturday
2021-06-27,2021,Q2,6,June,2021-06,27,7,Sunday
2021-06-28,2021,Q2,6,June,2021-06,28,1,Monday
2021-06-29,2021,Q2,6,June,2021-06,29,2,Tuesday
2021-06-30,2021,Q2,6,June,2021-06,30,3,Wednesday
2021-07-01,2021,Q3,7,July,2021-07,1,4,Thursday
2021-07-02,2021,Q3,7,July,2021-07,2,5,Friday
2021-07-03,2021,Q3,7,July,2021-07,3,6,Saturday
2021-07-04,2021,Q3,7,July,2021-07,4,7,Sunday
2021-07-05,2021,Q3,7,July,2021-07,5,1,Monday
2021-07-06,2021,Q3,7,July,2021-07,6,2,Tuesday
2021-07-07,2021,Q3,7,July,2021-07,7,3,Wednesday
2021-07-08,2021,Q3,7,July,2021-07,8,4,Thursday
2021-07-09,2021,Q3,7,July,2021-07,9,5,Friday
2021-07-10,2021,Q3,7,July,2021-07,10,6,Saturday
2021-07-11,2021,Q3,7,July,2021-07,11,7,Sunday
2021-07-12,2021,Q3,7,July,2021-07,12,1,Monday
2021-07-13,2021,Q3,7,July,2021-07,13,2,Tuesday
2021-07-14,2021,Q3,7,July,2021-07,14,3,Wednesday
2021-07-15,2021,Q3,7,July,2021-07,15,4,Thursday
2021-07-16,2021,Q3,7,July,2021-07,16,5,Friday
2021-07-17,2021,Q3,7,July,2021-07,17,6,Saturday
2021-07-18,2021,Q3,7,July,2021-07,18,7,Sunday
2021-07-19,2021,Q3,7,July,2021-07,19,1,Monday
2021-07-20,2021,Q3,7,July,2021-07,20,2,Tuesday
2021-07-21,2021,Q3,7,July,2021-07,21,3,Wednesday
2021-07-22,2021,Q3,7,July,2021-07,22,4,Thursday
2021-07-23,2021,Q3,7,July,2021-07,23,5,Friday
2021-07-24,2021,Q3,7,July,2021-07,24,6,Saturday
2021-07-25,2021,Q3,7,July,2021-07,25,7,Sunday
2021-07-26,2021,Q3,7,July,2021-07,26,1,Monday
2021-07-27,2021,Q3,7,July,2021-07,27,2,Tuesday
2021-07-28,2021,Q3,7,July,2021-07,28,3,Wednesday
2021-07-29,2021,Q3,7,July,2021-07,29,4,Thursday
2021-07-30,2021,Q3,7,July,2021-07,30,5,Friday
2021-07-31,2021,Q3,7,July,2021-07,31,6,Saturday
2021-08-01,2021,Q3,8,August,2021-08,1,7,Sunday
2021-08-02,2021,Q3,8,August,2021-08,2,1,Monday
2021-08-03,2021,Q3,8,August,2021-08,3,2,Tuesday
2021-08-04,2021,Q3,8,August,2021-08,4,3,Wednesday
2021-08-05,2021,Q3,8,August,2021-08,5,4,Thursday
2021-08-06,2021,Q3,8,August,2021-08,6,5,Friday
2021-08-07,2021,Q3,8,August,2021-08,7,6,Saturday
2021-08-08,2021,Q3,8,August,2021-08,8,7,Sunday
2021-08-09,2021,Q3,8,August,2021-08,9,1,Monday
2021-08-10,2021,Q3,8,August,2021-08,10,2,Tuesday
2021-08-11,2021,Q3,8,August,2021-08,11,3,Wednesday
2021-08-12,2021,Q3,8,August,2021-08,12,4,Thursday
2021-08-13,2021,Q3,8,August,2021-08,13,5,Friday
2021-08-14,2021,Q3,8,August,2021-08,14,6,Saturday
2021-08-15,2021,Q3,8,August,2021-08,15,7,Sunday
2021-08-16,2021,Q3,8,August,2021-08,16,1,Monday
2021-08-17,2021,Q3,8,August,2021-08,17,2,Tuesday
2021-08-18,2021,Q3,8,August,2021-08,18,3,Wednesday
2021-08-19,2021,Q3,8,August,2021-08,19,4,Thursday
2021-08-20,2021,Q3,8,August,2021-08,20,5,Friday
2021-08-21,2021,Q3,8,August,2021-08,21,6,Saturday
2021-08-22,2021,Q3,8,August,2021-08,22,7,Sunday
2021-08-23,2021,Q3,8,August,2021-08,23,1,Monday
2021-08-24,2021,Q3,8,August,2021-08,24,2,Tuesday
2021-08-25,2021,Q3,8,August,2021-08,25,3,Wednesday
2021-08-26,2021,Q3,8,August,2021-08,26,4,Thursday
2021-08-27,2021,Q3,8,August,2021-08,27,5,Friday
2021-08-28,2021,Q3,8,August,2021-08,28,6,Saturday
2021-08-29,2021,Q3,8,August,2021-08,29,7,Sunday
2021-08-30,2021,Q3,8,August,2021-08,30,1,Monday
2021-08-31,2021,Q3,8,August,2021-08,31,2,Tuesday
2021-09-01,2021,Q3,9,September,2021-09,1,3,Wednesday
2021-09-02,2021,Q3,9,September,2021-09,2,4,Thursday
2021-09-03,2021,Q3,9,September,2021-09,3,5,Friday
2021-09-04,2021,Q3,9,September,2021-09,4,6,Saturday
2021-09-05,2021,Q3,9,September,2021-09,5,7,Sunday
2021-09-06,2021,Q3,9,September,2021-09,6,1,Monday
2021-09-07,2021,Q3,9,September,2021-09,7,2,Tuesday
2021-09-08,2021,Q3,9,September,2021-09,8,3,Wednesday
2021-09-09,2021,Q3,9,September,2021-09,9,4,Thursday
2021-09-10,2021,Q3,9,September,2021-09,10,5,Friday
2021-09-11,2021,Q3,9,September,2021-09,11,6,Saturday
2021-09-12,2021,Q3,9,September,2021-09,12,7,Sunday
2021-09-13,2021,Q3,9,September,2021-09,13,1,Monday
2021-09-14,2021,Q3,9,September,2021-09,14,2,Tuesday
2021-09-15,2021,Q3,9,September,2021-09,15,3,Wednesday
2021-09-16,2021,Q3,9,September,2021-09,16,4,Thursday
2021-09-17,2021,Q3,9,September,2021-09,17,5,Friday
2021-09-18,2021,Q3,9,September,2021-09,18,6,Saturday
2021-09-19,2021,Q3,9,September,2021-09,19,7,Sunday
2021-09-20,2021,Q3,9,September,2021-09,20,1,Monday
2021-09-21,2021,Q3,9,September,2021-09,21,2,Tuesday
2021-09-22,2021,Q3,9,September,2021-09,22,3,Wednesday
2021-09-23,2021,Q3,9,September,2021-09,23,4,Thursday
2021-09-24,2021,Q3,9,September,2021-09,24,5,Friday
2021-09-25,2021,Q3,9,September,2021-09,25,6,Saturday
2021-09-26,2021,Q3,9,September,2021-09,26,7,Sunday
2021-09-27,2021,Q3,9,September,2021-09,27,1,Monday
2021-09-28,2021,Q3,9,September,2021-09,28,2,Tuesday
2021-09-29,2021,Q3,9,September,2021-09,29,3,Wednesday
2021-09-30,2021,Q3,9,September,2021-09,30,4,Thursday
2021-10-01,2021,Q4,10,October,2021-10,1,5,Friday
2021-10-02,2021,Q4,10,October,2021-10,2,6,Saturday
2021-10-03,2021,Q4,10,October,2021-10,3,7,Sunday
2021-10-04,2021,Q4,10,October,2021-10,4,1,Monday
2021-10-05,2021,Q4,10,October,2021-10,5,2,Tuesday
2021-10-06,2021,Q4,10,October,2021-10,6,3,Wednesday
2021-10-07,2021,Q4,10,October,2021-10,7,4,Thursday
2021-10-08,2021,Q4,10,October,2021-10,8,5,Friday
2021-10-09,2021,Q4,10,October,2021-10,9,6,Saturday
2021-10-10,2021,Q4,10,October,2021-10,10,7,Sunday
2021-10-11,2021,Q4,10,October,2021-10,11,1,Monday
2021-10-12,2021,Q4,10,October,2021-10,12,2,Tuesday
2021-10-13,2021,Q4,10,October,2021-10,13,3,Wednesday
2021-10-14,2021,Q4,10,October,2021-10,14,4,Thursday
2021-10-15,2021,Q4,10,October,2021-10,15,5,Friday
2021-10-16,2021,Q4,10,October,2021-10,16,6,Saturday
2021-10-17,2021,Q4,10,October,2021-10,17,7,Sunday
2021-10-18,2021,Q4,10,October,2021-10,18,1,Monday
2021-10-19,2021,Q4,10,October,2021-10,19,2,Tuesday
2021-10-20,2021,Q4,10,October,2021-10,20,3,Wednesday
2021-10-21,2021,Q4,10,October,2021-10,21,4,Thursday
2021-10-22,2021,Q4,10,October,2021-10,22,5,Friday
2021-10-23,2021,Q4,10,October,2021-10,23,6,Saturday
2021-10-24,2021,Q4,10,October,2021-10,24,7,Sunday
2021-10-25,2021,Q4,10,October,2021-10,25,1,Monday
2021-10-26,2021,Q4,10,October,2021-10,26,2,Tuesday
2021-10-27,2021,Q4,10,October,2021-10,27,3,Wednesday
2021-10-28,2021,Q4,10,October,2021-10,28,4,Thursday
2021-10-29,2021,Q4,10,October,2021-10,29,5,Friday
2021-10-30,2021,Q4,10,October,2021-10,30,6,Saturday
2021-10-31,2021,Q4,10,October,2021-10,31,7,Sunday
2021-11-01,2021,Q4,11,November,2021-11,1,1,Monday
2021-11-02,2021,Q4,11,November,2021-11,2,2,Tuesday
2021-11-03,2021,Q4,11,November,2021-11,3,3,Wednesday
2021-11-04,2021,Q4,11,November,2021-11,4,4,Thursday
2021-11-05,2021,Q4,11,November,2021-11,5,5,Friday
2021-11-06,2021,Q4,11,November,2021-11,6,6,Saturday
2021-11-07,2021,Q4,11,November,2021-11,7,7,Sunday
2021-11-08,2021,Q4,11,November,2021-11,8,1,Monday
2021-11-09,2021,Q4,11,November,2021-11,9,2,Tuesday
2021-11-10,2021,Q4,11,November,2021-11,10,3,Wednesday
2021-11-11,2021,Q4,11,November,2021-11,11,4,Thursday
2021-11-12,2021,Q4,11,November,2021-11,12,5,Friday
2021-11-13,2021,Q4,11,November,2021-11,13,6,Saturday
2021-11-14,2021,Q4,11,November,2021-11,14,7,Sunday
2021-11-15,2021,Q4,11,November,2021-11,15,1,Monday
2021-11-16,2021,Q4,11,November,2021-11,16,2,Tuesday
2021-11-17,2021,Q4,11,November,2021-11,17,3,Wednesday
2021-11-18,2021,Q4,11,November,2021-11,18,4,Thursday
2021-11-19,2021,Q4,11,November,2021-11,19,5,Friday
2021-11-20,2021,Q4,11,November,2021-11,20,6,Saturday
2021-11-21,2021,Q4,11,November,2021-11,21,7,Sunday
2021-11-22,2021,Q4,11,November,2021-11,22,1,Monday
2021-11-23,2021,Q4,11,November,2021-11,23,2,Tuesday
2021-11-24,2021,Q4,11,November,2021-11,24,3,Wednesday
2021-11-25,2021,Q4,11,November,2021-11,25,4,Thursday
2021-11-26,2021,Q4,11,November,2021-11,26,5,Friday
2021-11-27,2021,Q4,11,November,2021-11,27,6,Saturday
2021-11-28,2021,Q4,11,November,2021-11,28,7,Sunday
2021-11-29,2021,Q4,11,November,2021-11,29,1,Monday
2021-11-30,2021,Q4,11,November,2021-11,30,2,Tuesday
2021-12-01,2021,Q4,12,December,2021-12,1,3,Wednesday
2021-12-02,2021,Q4,12,December,2021-12,2,4,Thursday
2021-12-03,2021,Q4,12,December,2021-12,3,5,Friday
2021-12-04,2021,Q4,12,December,2021-12,4,6,Saturday
2021-12-05,2021,Q4,12,December,2021-12,5,7,Sunday
2021-12-06,2021,Q4,12,December,2021-12,6,1,Monday
2021-12-07,2021,Q4,12,December,2021-12,7,2,Tuesday
2021-12-08,2021,Q4,12,December,2021-12,8,3,Wednesday
2021-12-09,2021,Q4,12,December,2021-12,9,4,Thursday
2021-12-10,2021,Q4,12,December,2021-12,10,5,Friday
2021-12-11,2021,Q4,12,December,2021-12,11,6,Saturday
2021-12-12,2021,Q4,12,December,2021-12,12,7,Sunday
2021-12-13,2021,Q4,12,December,2021-12,13,1,Monday
2021-12-14,2021,Q4,12,December,2021-12,14,2,Tuesday
2021-12-15,2021,Q4,12,December,2021-12,15,3,Wednesday
2021-12-16,2021,Q4,12,December,2021-12,16,4,Thursday
2021-12-17,2021,Q4,12,December,2021-12,17,5,Friday
2021-12-18,2021,Q4,12,December,2021-12,18,6,Saturday
2021-12-19,2021,Q4,12,December,2021-12,19,7,Sunday
2021-12-20,2021,Q4,12,December,2021-12,20,1,Monday
2021-12-21,2021,Q4,12,December,2021-12,21,2,Tuesday
2021-12-22,2021,Q4,12,December,2021-12,22,3,Wednesday
2021-12-23,2021,Q4,12,December,2021-12,23,4,Thursday
2021-12-24,2021,Q4,12,December,2021-12,24,5,Friday
2021-12-25,2021,Q4,12,December,2021-12,25,6,Saturday
2021-12-26,2021,Q4,12,December,2021-12,26,7,Sunday
2021-12-27,2021,Q4,12,December,2021-12,27,1,Monday
2021-12-28,2021,Q4,12,December,2021-12,28,2,Tuesday
2021-12-29,2021,Q4,12,December,2021-12,29,3,Wednesday
2021-12-30,2021,Q4,12,December,2021-12,30,4,Thursday
2021-12-31,2021,Q4,12,December,2021-12,31,5,Friday
2022-01-01,2022,Q1,1,January,2022-01,1,6,Saturday
2022-01-02,2022,Q1,1,January,2022-01,2,7,Sunday
2022-01-03,2022,Q1,1,January,2022-01,3,1,Monday
2022-01-04,2022,Q1,1,January,2022-01,4,2,Tuesday
2022-01-05,2022,Q1,1,January,2022-01,5,3,Wednesday
2022-01-06,2022,Q1,1,January,2022-01,6,4,Thursday
2022-01-07,2022,Q1,1,January,2022-01,7,5,Friday
2022-01-08,2022,Q1,1,January,2022-01,8,6,Saturday
2022-01-09,2022,Q1,1,January,2022-01,9,7,Sunday
2022-01-10,2022,Q1,1,January,2022-01,10,1,Monday
2022-01-11,2022,Q1,1,January,2022-01,11,2,Tuesday
2022-01-12,2022,Q1,1,January,2022-01,12,3,Wednesday
2022-01-13,2022,Q1,1,January,2022-01,13,4,Thursday
2022-01-14,2022,Q1,1,January,2022-01,14,5,Friday
2022-01-15,2022,Q1,1,January,2022-01,15,6,Saturday
2022-01-16,2022,Q1,1,January,2022-01,16,7,Sunday
2022-01-17,2022,Q1,1,January,2022-01,17,1,Monday
2022-01-18,2022,Q1,1,January,2022-01,18,2,Tuesday
2022-01-19,2022,Q1,1,January,2022-01,19,3,Wednesday
2022-01-20,2022,Q1,1,January,2022-01,20,4,Thursday
2022-01-21,2022,Q1,1,January,2022-01,21,5,Friday
2022-01-22,2022,Q1,1,January,2022-01,22,6,Saturday
2022-01-23,2022,Q1,1,January,2022-01,23,7,Sunday
2022-01-24,2022,Q1,1,January,2022-01,24,1,Monday
2022-01-25,2022,Q1,1,January,2022-01,25,2,Tuesday
2022-01-26,2022,Q1,1,January,2022-01,26,3,Wednesday
2022-01-27,2022,Q1,1,January,2022-01,27,4,Thursday
2022-01-28,2022,Q1,1,January,2022-01,28,5,Friday
2022-01-29,2022,Q1,1,January,2022-01,29,6,Saturday
2022-01-30,2022,Q1,1,January,2022-01,30,7,Sunday
2022-01-31,2022,Q1,1,January,2022-01,31,1,Monday
2022-02-01,2022,Q1,2,February,2022-02,1,2,Tuesday
2022-02-02,2022,Q1,2,February,2022-02,2,3,Wednesday
2022-02-03,2022,Q1,2,February,2022-02,3,4,Thursday
2022-02-04,2022,Q1,2,February,2022-02,4,5,Friday
2022-02-05,2022,Q1,2,February,2022-02,5,6,Saturday
2022-02-06,2022,Q1,2,February,2022-02,6,7,Sunday
2022-02-07,2022,Q1,2,February,2022-02,7,1,Monday
2022-02-08,2022,Q1,2,February,2022-02,8,2,Tuesday
2022-02-09,2022,Q1,2,February,2022-02,9,3,Wednesday
2022-02-10,2022,Q1,2,February,2022-02,10,4,Thursday
2022-02-11,2022,Q1,2,February,2022-02,11,5,Friday
2022-02-12,2022,Q1,2,February,2022-02,12,6,Saturday
2022-02-13,2022,Q1,2,February,2022-02,13,7,Sunday
2022-02-14,2022,Q1,2,February,2022-02,14,1,Monday
2022-02-15,2022,Q1,2,February,2022-02,15,2,Tuesday
2022-02-16,2022,Q1,2,February,2022-02,16,3,Wednesday
2022-02-17,2022,Q1,2,February,2022-02,17,4,Thursday
2022-02-18,2022,Q1,2,February,2022-02,18,5,Friday
2022-02-19,2022,Q1,2,February,2022-02,19,6,Saturday
2022-02-20,2022,Q1,2,February,2022-02,20,7,Sunday
2022-02-21,2022,Q1,2,February,2022-02,21,1,Monday
2022-02-22,2022,Q1,2,February,2022-02,22,2,Tuesday
2022-02-23,2022,Q1,2,February,2022-02,23,3,Wednesday
2022-02-24,2022,Q1,2,February,2022-02,24,4,Thursday
2022-02-25,2022,Q1,2,February,2022-02,25,5,Friday
2022-02-26,2022,Q1,2,February,2022-02,26,6,Saturday
2022-02-27,2022,Q1,2,February,2022-02,27,7,Sunday
2022-02-28,2022,Q1,2,February,2022-02,28,1,Monday
2022-03-01,2022,Q1,3,March,2022-03,1,2,Tuesday
2022-03-02,2022,Q1,3,March,2022-03,2,3,Wednesday
2022-03-03,2022,Q1,3,March,2022-03,3,4,Thursday
2022-03-04,2022,Q1,3,March,2022-03,4,5,Friday
2022-03-05,2022,Q1,3,March,2022-03,5,6,Saturday
2022-03-06,2022,Q1,3,March,2022-03,6,7,Sunday
2022-03-07,2022,Q1,3,March,2022-03,7,1,Monday
2022-03-08,2022,Q1,3,March,2022-03,8,2,Tuesday
2022-03-09,2022,Q1,3,March,2022-03,9,3,Wednesday
2022-03-10,2022,Q1,3,March,2022-03,10,4,Thursday
2022-03-11,2022,Q1,3,March,2022-03,11,5,Friday
2022-03-12,2022,Q1,3,March,2022-03,12,6,Saturday
2022-03-13,2022,Q1,3,March,2022-03,13,7,Sunday
2022-03-14,2022,Q1,3,March,2022-03,14,1,Monday
2022-03-15,2022,Q1,3,March,2022-03,15,2,Tuesday
2022-03-16,2022,Q1,3,March,2022-03,16,3,Wednesday
2022-03-17,2022,Q1,3,March,2022-03,17,4,Thursday
2022-03-18,2022,Q1,3,March,2022-03,18,5,Friday
2022-03-19,2022,Q1,3,March,2022-03,19,6,Saturday
2022-03-20,2022,Q1,3,March,2022-03,20,7,Sunday
2022-03-21,2022,Q1,3,March,2022-03,21,1,Monday
2022-03-22,2022,Q1,3,March,2022-03,22,2,Tuesday
2022-03-23,2022,Q1,3,March,2022-03,23,3,Wednesday
2022-03-24,2022,Q1,3,March,2022-03,24,4,Thursday
2022-03-25,2022,Q1,3,March,2022-03,25,5,Friday
2022-03-26,2022,Q1,3,March,2022-03,26,6,Saturday
2022-03-27,2022,Q1,3,March,2022-03,27,7,Sunday
2022-03-28,2022,Q1,3,March,2022-03,28,1,Monday
2022-03-29,2022,Q1,3,March,2022-03,29,2,Tuesday
2022-03-30,2022,Q1,3,March,2022-03,30,3,Wednesday
2022-03-31,2022,Q1,3,March,2022-03,31,4,Thursday
2022-04-01,2022,Q2,4,April,2022-04,1,5,Friday
2022-04-02,2022,Q2,4,April,2022-04,2,6,Saturday
2022-04-03,2022,Q2,4,April,2022-04,3,7,Sunday
2022-04-04,2022,Q2,4,April,2022-04,4,1,Monday
2022-04-05,2022,Q2,4,April,2022-04,5,2,Tuesday
2022-04-06,2022,Q2,4,April,2022-04,6,3,Wednesday
2022-04-07,2022,Q2,4,April,2022-04,7,4,Thursday
2022-04-08,2022,Q2,4,April,2022-04,8,5,Friday
2022-04-09,2022,Q2,4,April,2022-04,9,6,Saturday
2022-04-10,2022,Q2,4,April,2022-04,10,7,Sunday
2022-04-11,2022,Q2,4,April,2022-04,11,1,Monday
2022-04-12,2022,Q2,4,April,2022-04,12,2,Tuesday
2022-04-13,2022,Q2,4,April,2022-04,13,3,Wednesday
2022-04-14,2022,Q2,4,April,2022-04,14,4,Thursday
2022-04-15,2022,Q2,4,April,2022-04,15,5,Friday
2022-04-16,2022,Q2,4,April,2022-04,16,6,Saturday
2022-04-17,2022,Q2,4,April,2022-04,17,7,Sunday
2022-04-18,2022,Q2,4,April,2022-04,18,1,Monday
2022-04-19,2022,Q2,4,April,2022-04,19,2,Tuesday
2022-04-20,2022,Q2,4,April,2022-04,20,3,Wednesday
2022-04-21,2022,Q2,4,April,2022-04,21,4,Thursday
2022-04-22,2022,Q2,4,April,2022-04,22,5,Friday
2022-04-23,2022,Q2,4,April,2022-04,23,6,Saturday
2022-04-24,2022,Q2,4,April,2022-04,24,7,Sunday
2022-04-25,2022,Q2,4,April,2022-04,25,1,Monday
2022-04-26,2022,Q2,4,April,2022-04,26,2,Tuesday
2022-04-27,2022,Q2,4,April,2022-04,27,3,Wednesday
2022-04-28,2022,Q2,4,April,2022-04,28,4,Thursday
2022-04-29,2022,Q2,4,April,2022-04,29,5,Friday
2022-04-30,2022,Q2,4,April,2022-04,30,6,Saturday
2022-05-01,2022,Q2,5,May,2022-05,1,7,Sunday
2022-05-02,2022,Q2,5,May,2022-05,2,1,Monday
2022-05-03,2022,Q2,5,May,2022-05,3,2,Tuesday
2022-05-04,2022,Q2,5,May,2022-05,4,3,Wednesday
2022-05-05,2022,Q2,5,May,2022-05,5,4,Thursday
2022-05-06,2022,Q2,5,May,2022-05,6,5,Friday
2022-05-07,2022,Q2,5,May,2022-05,7,6,Saturday
2022-05-08,2022,Q2,5,May,2022-05,8,7,Sunday
2022-05-09,2022,Q2,5,May,2022-05,9,1,Monday
2022-05-10,2022,Q2,5,May,2022-05,10,2,Tuesday
2022-05-11,2022,Q2,5,May,2022-05,11,3,Wednesday
2022-05-12,2022,Q2,5,May,2022-05,12,4,Thursday
2022-05-13,2022,Q2,5,May,2022-05,13,5,Friday
2022-05-14,2022,Q2,5,May,2022-05,14,6,Saturday
2022-05-15,2022,Q2,5,May,2022-05,15,7,Sunday
2022-05-16,2022,Q2,5,May,2022-05,16,1,Monday
2022-05-17,2022,Q2,5,May,2022-05,17,2,Tuesday
2022-05-18,2022,Q2,5,May,2022-05,18,3,Wednesday
2022-05-19,2022,Q2,5,May,2022-05,19,4,Thursday
2022-05-20,2022,Q2,5,May,2022-05,20,5,Friday
2022-05-21,2022,Q2,5,May,2022-05,21,6,Saturday
2022-05-22,2022,Q2,5,May,2022-05,22,7,Sunday
2022-05-23,2022,Q2,5,May,2022-05,23,1,Monday
2022-05-24,2022,Q2,5,May,2022-05,24,2,Tuesday
2022-05-25,2022,Q2,5,May,2022-05,25,3,Wednesday
2022-05-26,2022,Q2,5,May,2022-05,26,4,Thursday
2022-05-27,2022,Q2,5,May,2022-05,27,5,Friday
2022-05-28,2022,Q2,5,May,2022-05,28,6,Saturday
2022-05-29,2022,Q2,5,May,2022-05,29,7,Sunday
2022-05-30,2022,Q2,5,May,2022-05,30,1,Monday
2022-05-31,2022,Q2,5,May,2022-05,31,2,Tuesday
2022-06-01,2022,Q2,6,June,2022-06,1,3,Wednesday
2022-06-02,2022,Q2,6,June,2022-06,2,4,Thursday
2022-06-03,2022,Q2,6,June,2022-06,3,5,Friday
2022-06-04,2022,Q2,6,June,2022-06,4,6,Saturday
2022-06-05,2022,Q2,6,June,2022-06,5,7,Sunday
2022-06-06,2022,Q2,6,June,2022-06,6,1,Monday
2022-06-07,2022,Q2,6,June,2022-06,7,2,Tuesday
2022-06-08,2022,Q2,6,June,2022-06,8,3,Wednesday
2022-06-09,2022,Q2,6,June,2022-06,9,4,Thursday
2022-06-10,2022,Q2,6,June,2022-06,10,5,Friday
2022-06-11,2022,Q2,6,June,2022-06,11,6,Saturday
2022-06-12,2022,Q2,6,June,2022-06,12,7,Sunday
2022-06-13,2022,Q2,6,June,2022-06,13,1,Monday
2022-06-14,2022,Q2,6,June,2022-06,14,2,Tuesday
2022-06-15,2022,Q2,6,June,2022-06,15,3,Wednesday
2022-06-16,2022,Q2,6,June,2022-06,16,4,Thursday
2022-06-17,2022,Q2,6,June,2022-06,17,5,Friday
2022-06-18,2022,Q2,6,June,2022-06,18,6,Saturday
2022-06-19,2022,Q2,6,June,2022-06,19,7,Sunday
2022-06-20,2022,Q2,6,June,2022-06,20,1,Monday
2022-06-21,2022,Q2,6,June,2022-06,21,2,Tuesday
2022-06-22,2022,Q2,6,June,2022-06,22,3,Wednesday
2022-06-23,2022,Q2,6,June,2022-06,23,4,Thursday
2022-06-24,2022,Q2,6,June,2022-06,24,5,Friday
2022-06-25,2022,Q2,6,June,2022-06,25,6,Saturday
2022-06-26,2022,Q2,6,June,2022-06,26,7,Sunday
2022-06-27,2022,Q2,6,June,2022-06,27,1,Monday
2022-06-28,2022,Q2,6,June,2022-06,28,2,Tuesday
2022-06-29,2022,Q2,6,June,2022-06,29,3,Wednesday
2022-06-30,2022,Q2,6,June,2022-06,30,4,Thursday
2022-07-01,2022,Q3,7,July,2022-07,1,5,Friday
2022-07-02,2022,Q3,7,July,2022-07,2,6,Saturday
2022-07-03,2022,Q3,7,July,2022-07,3,7,Sunday
2022-07-04,2022,Q3,7,July,2022-07,4,1,Monday
2022-07-05,2022,Q3,7,July,2022-07,5,2,Tuesday
2022-07-06,2022,Q3,7,July,2022-07,6,3,Wednesday
2022-07-07,2022,Q3,7,July,2022-07,7,4,Thursday
2022-07-08,2022,Q3,7,July,2022-07,8,5,Friday
2022-07-09,2022,Q3,7,July,2022-07,9,6,Saturday
2022-07-10,2022,Q3,7,July,2022-07,10,7,Sunday
2022-07-11,2022,Q3,7,July,2022-07,11,1,Monday
2022-07-12,2022,Q3,7,July,2022-07,12,2,Tuesday
2022-07-13,2022,Q3,7,July,2022-07,13,3,Wednesday
2022-07-14,2022,Q3,7,July,2022-07,14,4,Thursday
2022-07-15,2022,Q3,7,July,2022-07,15,5,Friday
2022-07-16,2022,Q3,7,July,2022-07,16,6,Saturday
2022-07-17,2022,Q3,7,July,2022-07,17,7,Sunday
2022-07-18,2022,Q3,7,July,2022-07,18,1,Monday
2022-07-19,2022,Q3,7,July,2022-07,19,2,Tuesday
2022-07-20,2022,Q3,7,July,2022-07,20,3,Wednesday
2022-07-21,2022,Q3,7,July,2022-07,21,4,Thursday
2022-07-22,2022,Q3,7,July,2022-07,22,5,Friday
2022-07-23,2022,Q3,7,July,2022-07,23,6,Saturday
2022-07-24,2022,Q3,7,July,2022-07,24,7,Sunday
2022-07-25,2022,Q3,7,July,2022-07,25,1,Monday
2022-07-26,2022,Q3,7,July,2022-07,26,2,Tuesday
2022-07-27,2022,Q3,7,July,2022-07,27,3,Wednesday
2022-07-28,2022,Q3,7,July,2022-07,28,4,Thursday
2022-07-29,2022,Q3,7,July,2022-07,29,5,Friday
2022-07-30,2022,Q3,7,July,2022-07,30,6,Saturday
2022-07-31,2022,Q3,7,July,2022-07,31,7,Sunday
2022-08-01,2022,Q3,8,August,2022-08,1,1,Monday
2022-08-02,2022,Q3,8,August,2022-08,2,2,Tuesday
2022-08-03,2022,Q3,8,August,2022-08,3,3,Wednesday
2022-08-04,2022,Q3,8,August,2022-08,4,4,Thursday
2022-08-05,2022,Q3,8,August,2022-08,5,5,Friday
2022-08-06,2022,Q3,8,August,2022-08,6,6,Saturday
2022-08-07,2022,Q3,8,August,2022-08,7,7,Sunday
2022-08-08,2022,Q3,8,August,2022-08,8,1,Monday
2022-08-09,2022,Q3,8,August,2022-08,9,2,Tuesday
2022-08-10,2022,Q3,8,August,2022-08,10,3,Wednesday
2022-08-11,2022,Q3,8,August,2022-08,11,4,Thursday
2022-08-12,2022,Q3,8,August,2022-08,12,5,Friday
2022-08-13,2022,Q3,8,August,2022-08,13,6,Saturday
2022-08-14,2022,Q3,8,August,2022-08,14,7,Sunday
2022-08-15,2022,Q3,8,August,2022-08,15,1,Monday
2022-08-16,2022,Q3,8,August,2022-08,16,2,Tuesday
2022-08-17,2022,Q3,8,August,2022-08,17,3,Wednesday
2022-08-18,2022,Q3,8,August,2022-08,18,4,Thursday
2022-08-19,2022,Q3,8,August,2022-08,19,5,Friday
2022-08-20,2022,Q3,8,August,2022-08,20,6,Saturday
2022-08-21,2022,Q3,8,August,2022-08,21,7,Sunday
2022-08-22,2022,Q3,8,August,2022-08,22,1,Monday
2022-08-23,2022,Q3,8,August,2022-08,23,2,Tuesday
2022-08-24,2022,Q3,8,August,2022-08,24,3,Wednesday
2022-08-25,2022,Q3,8,August,2022-08,25,4,Thursday
2022-08-26,2022,Q3,8,August,2022-08,26,5,Friday
2022-08-27,2022,Q3,8,August,2022-08,27,6,Saturday
2022-08-28,2022,Q3,8,August,2022-08,28,7,Sunday
2022-08-29,2022,Q3,8,August,2022-08,29,1,Monday
2022-08-30,2022,Q3,8,August,2022-08,30,2,Tuesday
2022-08-31,2022,Q3,8,August,2022-08,31,3,Wednesday
2022-09-01,2022,Q3,9,September,2022-09,1,4,Thursday
2022-09-02,2022,Q3,9,September,2022-09,2,5,Friday
2022-09-03,2022,Q3,9,September,2022-09,3,6,Saturday
2022-09-04,2022,Q3,9,September,2022-09,4,7,Sunday
2022-09-05,2022,Q3,9,September,2022-09,5,1,Monday
2022-09-06,2022,Q3,9,September,2022-09,6,2,Tuesday
2022-09-07,2022,Q3,9,September,2022-09,7,3,Wednesday
2022-09-08,2022,Q3,9,September,2022-09,8,4,Thursday
2022-09-09,2022,Q3,9,September,2022-09,9,5,Friday
2022-09-10,2022,Q3,9,September,2022-09,10,6,Saturday
2022-09-11,2022,Q3,9,September,2022-09,11,7,Sunday
2022-09-12,2022,Q3,9,September,2022-09,12,1,Monday
2022-09-13,2022,Q3,9,September,2022-09,13,2,Tuesday
2022-09-14,2022,Q3,9,September,2022-09,14,3,Wednesday
2022-09-15,2022,Q3,9,September,2022-09,15,4,Thursday
2022-09-16,2022,Q3,9,September,2022-09,16,5,Friday
2022-09-17,2022,Q3,9,September,2022-09,17,6,Saturday
2022-09-18,2022,Q3,9,September,2022-09,18,7,Sunday
2022-09-19,2022,Q3,9,September,2022-09,19,1,Monday
2022-09-20,2022,Q3,9,September,2022-09,20,2,Tuesday
2022-09-21,2022,Q3,9,September,2022-09,21,3,Wednesday
2022-09-22,2022,Q3,9,September,2022-09,22,4,Thursday
2022-09-23,2022,Q3,9,September,2022-09,23,5,Friday
2022-09-24,2022,Q3,9,September,2022-09,24,6,Saturday
2022-09-25,2022,Q3,9,September,2022-09,25,7,Sunday
2022-09-26,2022,Q3,9,September,2022-09,26,1,Monday
2022-09-27,2022,Q3,9,September,2022-09,27,2,Tuesday
2022-09-28,2022,Q3,9,September,2022-09,28,3,Wednesday
2022-09-29,2022,Q3,9,September,2022-09,29,4,Thursday
2022-09-30,2022,Q3,9,September,2022-09,30,5,Friday
2022-10-01,2022,Q4,10,October,2022-10,1,6,Saturday
2022-10-02,2022,Q4,10,October,2022-10,2,7,Sunday
2022-10-03,2022,Q4,10,October,2022-10,3,1,Monday
2022-10-04,2022,Q4,10,October,2022-10,4,2,Tuesday
2022-10-05,2022,Q4,10,October,2022-10,5,3,Wednesday
2022-10-06,2022,Q4,10,October,2022-10,6,4,Thursday
2022-10-07,2022,Q4,10,October,2022-10,7,5,Friday
2022-10-08,2022,Q4,10,October,2022-10,8,6,Saturday
2022-10-09,2022,Q4,10,October,2022-10,9,7,Sunday
2022-10-10,2022,Q4,10,October,2022-10,10,1,Monday
2022-10-11,2022,Q4,10,October,2022-10,11,2,Tuesday
2022-10-12,2022,Q4,10,October,2022-10,12,3,Wednesday
2022-10-13,2022,Q4,10,October,2022-10,13,4,Thursday
2022-10-14,2022,Q4,10,October,2022-10,14,5,Friday
2022-10-15,2022,Q4,10,October,2022-10,15,6,Saturday
2022-10-16,2022,Q4,10,October,2022-10,16,7,Sunday
2022-10-17,2022,Q4,10,October,2022-10,17,1,Monday
2022-10-18,2022,Q4,10,October,2022-10,18,2,Tuesday
2022-10-19,2022,Q4,10,October,2022-10,19,3,Wednesday
2022-10-20,2022,Q4,10,October,2022-10,20,4,Thursday
2022-10-21,2022,Q4,10,October,2022-10,21,5,Friday
2022-10-22,2022,Q4,10,October,2022-10,22,6,Saturday
2022-10-23,2022,Q4,10,October,2022-10,23,7,Sunday
2022-10-24,2022,Q4,10,October,2022-10,24,1,Monday
2022-10-25,2022,Q4,10,October,2022-10,25,2,Tuesday
2022-10-26,2022,Q4,10,October,2022-10,26,3,Wednesday
2022-10-27,2022,Q4,10,October,2022-10,27,4,Thursday
2022-10-28,2022,Q4,10,October,2022-10,28,5,Friday
2022-10-29,2022,Q4,10,October,2022-10,29,6,Saturday
2022-10-30,2022,Q4,10,October,2022-10,30,7,Sunday
2022-10-31,2022,Q4,10,October,2022-10,31,1,Monday
2022-11-01,2022,Q4,11,November,2022-11,1,2,Tuesday
2022-11-02,2022,Q4,11,November,2022-11,2,3,Wednesday
2022-11-03,2022,Q4,11,November,2022-11,3,4,Thursday
2022-11-04,2022,Q4,11,November,2022-11,4,5,Friday
2022-11-05,2022,Q4,11,November,2022-11,5,6,Saturday
2022-11-06,2022,Q4,11,November,2022-11,6,7,Sunday
2022-11-07,2022,Q4,11,November,2022-11,7,1,Monday
2022-11-08,2022,Q4,11,November,2022-11,8,2,Tuesday
2022-11-09,2022,Q4,11,November,2022-11,9,3,Wednesday
2022-11-10,2022,Q4,11,November,2022-11,10,4,Thursday
2022-11-11,2022,Q4,11,November,2022-11,11,5,Friday
2022-11-12,2022,Q4,11,November,2022-11,12,6,Saturday
2022-11-13,2022,Q4,11,November,2022-11,13,7,Sunday
2022-11-14,2022,Q4,11,November,2022-11,14,1,Monday
2022-11-15,2022,Q4,11,November,2022-11,15,2,Tuesday
2022-11-16,2022,Q4,11,November,2022-11,16,3,Wednesday
2022-11-17,2022,Q4,11,November,2022-11,17,4,Thursday
2022-11-18,2022,Q4,11,November,2022-11,18,5,Friday
2022-11-19,2022,Q4,11,November,2022-11,19,6,Saturday
2022-11-20,2022,Q4,11,November,2022-11,20,7,Sunday
2022-11-21,2022,Q4,11,November,2022-11,21,1,Monday
2022-11-22,2022,Q4,11,November,2022-11,22,2,Tuesday
2022-11-23,2022,Q4,11,November,2022-11,23,3,Wednesday
2022-11-24,2022,Q4,11,November,2022-11,24,4,Thursday
2022-11-25,2022,Q4,11,November,2022-11,25,5,Friday
2022-11-26,2022,Q4,11,November,2022-11,26,6,Saturday
2022-11-27,2022,Q4,11,November,2022-11,27,7,Sunday
2022-11-28,2022,Q4,11,November,2022-11,28,1,Monday
2022-11-29,2022,Q4,11,November,2022-11,29,2,Tuesday
2022-11-30,2022,Q4,11,November,2022-11,30,3,Wednesday
2022-12-01,2022,Q4,12,December,2022-12,1,4,Thursday
2022-12-02,2022,Q4,12,December,2022-12,2,5,Friday
2022-12-03,2022,Q4,12,December,2022-12,3,6,Saturday
2022-12-04,2022,Q4,12,December,2022-12,4,7,Sunday
2022-12-05,2022,Q4,12,December,2022-12,5,1,Monday
2022-12-06,2022,Q4,12,December,2022-12,6,2,Tuesday
2022-12-07,2022,Q4,12,December,2022-12,7,3,Wednesday
2022-12-08,2022,Q4,12,December,2022-12,8,4,Thursday
2022-12-09,2022,Q4,12,December,2022-12,9,5,Friday
2022-12-10,2022,Q4,12,December,2022-12,10,6,Saturday
2022-12-11,2022,Q4,12,December,2022-12,11,7,Sunday
2022-12-12,2022,Q4,12,December,2022-12,12,1,Monday
2022-12-13,2022,Q4,12,December,2022-12,13,2,Tuesday
2022-12-14,2022,Q4,12,December,2022-12,14,3,Wednesday
2022-12-15,2022,Q4,12,December,2022-12,15,4,Thursday
2022-12-16,2022,Q4,12,December,2022-12,16,5,Friday
2022-12-17,2022,Q4,12,December,2022-12,17,6,Saturday
2022-12-18,2022,Q4,12,December,2022-12,18,7,Sunday
2022-12-19,2022,Q4,12,December,2022-12,19,1,Monday
2022-12-20,2022,Q4,12,December,2022-12,20,2,Tuesday
2022-12-21,2022,Q4,12,December,2022-12,21,3,Wednesday
2022-12-22,2022,Q4,12,December,2022-12,22,4,Thursday
2022-12-23,2022,Q4,12,December,2022-12,23,5,Friday
2022-12-24,2022,Q4,12,December,2022-12,24,6,Saturday
2022-12-25,2022,Q4,12,December,2022-12,25,7,Sunday
2022-12-26,2022,Q4,12,December,2022-12,26,1,Monday
2022-12-27,2022,Q4,12,December,2022-12,27,2,Tuesday
2022-12-28,2022,Q4,12,December,2022-12,28,3,Wednesday
2022-12-29,2022,Q4,12,December,2022-12,29,4,Thursday
2022-12-30,2022,Q4,12,December,2022-12,30,5,Friday
2022-12-31,2022,Q4,12,December,2022-12,31,6,Saturday
2023-01-01,2023,Q1,1,January,2023-01,1,7,Sunday
2023-01-02,2023,Q1,1,January,2023-01,2,1,Monday
2023-01-03,2023,Q1,1,January,2023-01,3,2,Tuesday
2023-01-04,2023,Q1,1,January,2023-01,4,3,Wednesday
2023-01-05,2023,Q1,1,January,2023-01,5,4,Thursday
2023-01-06,2023,Q1,1,January,2023-01,6,5,Friday
2023-01-07,2023,Q1,1,January,2023-01,7,6,Saturday
2023-01-08,2023,Q1,1,January,2023-01,8,7,Sunday
2023-01-09,2023,Q1,1,January,2023-01,9,1,Monday
2023-01-10,2023,Q1,1,January,2023-01,10,2,Tuesday
2023-01-11,2023,Q1,1,January,2023-01,11,3,Wednesday
2023-01-12,2023,Q1,1,January,2023-01,12,4,Thursday
2023-01-13,2023,Q1,1,January,2023-01,13,5,Friday
2023-01-14,2023,Q1,1,January,2023-01,14,6,Saturday
2023-01-15,2023,Q1,1,January,2023-01,15,7,Sunday
2023-01-16,2023,Q1,1,January,2023-01,16,1,Monday
2023-01-17,2023,Q1,1,January,2023-01,17,2,Tuesday
2023-01-18,2023,Q1,1,January,2023-01,18,3,Wednesday
2023-01-19,2023,Q1,1,January,2023-01,19,4,Thursday
2023-01-20,2023,Q1,1,January,2023-01,20,5,Friday
2023-01-21,2023,Q1,1,January,2023-01,21,6,Saturday
2023-01-22,2023,Q1,1,January,2023-01,22,7,Sunday
2023-01-23,2023,Q1,1,January,2023-01,23,1,Monday
2023-01-24,2023,Q1,1,January,2023-01,24,2,Tuesday
2023-01-25,2023,Q1,1,January,2023-01,25,3,Wednesday
2023-01-26,2023,Q1,1,January,2023-01,26,4,Thursday
2023-01-27,2023,Q1,1,January,2023-01,27,5,Friday
2023-01-28,2023,Q1,1,January,2023-01,28,6,Saturday
2023-01-29,2023,Q1,1,January,2023-01,29,7,Sunday
2023-01-30,2023,Q1,1,January,2023-01,30,1,Monday
2023-01-31,2023,Q1,1,January,2023-01,31,2,Tuesday
2023-02-01,2023,Q1,2,February,2023-02,1,3,Wednesday
2023-02-02,2023,Q1,2,February,2023-02,2,4,Thursday
2023-02-03,2023,Q1,2,February,2023-02,3,5,Friday
2023-02-04,2023,Q1,2,February,2023-02,4,6,Saturday
2023-02-05,2023,Q1,2,February,2023-02,5,7,Sunday
2023-02-06,2023,Q1,2,February,2023-02,6,1,Monday
2023-02-07,2023,Q1,2,February,2023-02,7,2,Tuesday
2023-02-08,2023,Q1,2,February,2023-02,8,3,Wednesday
2023-02-09,2023,Q1,2,February,2023-02,9,4,Thursday
2023-02-10,2023,Q1,2,February,2023-02,10,5,Friday
2023-02-11,2023,Q1,2,February,2023-02,11,6,Saturday
2023-02-12,2023,Q1,2,February,2023-02,12,7,Sunday
2023-02-13,2023,Q1,2,February,2023-02,13,1,Monday
2023-02-14,2023,Q1,2,February,2023-02,14,2,Tuesday
2023-02-15,2023,Q1,2,February,2023-02,15,3,Wednesday
2023-02-16,2023,Q1,2,February,2023-02,16,4,Thursday
2023-02-17,2023,Q1,2,February,2023-02,17,5,Friday
2023-02-18,2023,Q1,2,February,2023-02,18,6,Saturday
2023-02-19,2023,Q1,2,February,2023-02,19,7,Sunday
2023-02-20,2023,Q1,2,February,2023-02,20,1,Monday
2023-02-21,2023,Q1,2,February,2023-02,21,2,Tuesday
2023-02-22,2023,Q1,2,February,2023-02,22,3,Wednesday
2023-02-23,2023,Q1,2,February,2023-02,23,4,Thursday
2023-02-24,2023,Q1,2,February,2023-02,24,5,Friday
2023-02-25,2023,Q1,2,February,2023-02,25,6,Saturday
2023-02-26,2023,Q1,2,February,2023-02,26,7,Sunday
2023-02-27,2023,Q1,2,February,2023-02,27,1,Monday
2023-02-28,2023,Q1,2,February,2023-02,28,2,Tuesday
2023-03-01,2023,Q1,3,March,2023-03,1,3,Wednesday
2023-03-02,2023,Q1,3,March,2023-03,2,4,Thursday
2023-03-03,2023,Q1,3,March,2023-03,3,5,Friday
2023-03-04,2023,Q1,3,March,2023-03,4,6,Saturday
2023-03-05,2023,Q1,3,March,2023-03,5,7,Sunday
2023-03-06,2023,Q1,3,March,2023-03,6,1,Monday
2023-03-07,2023,Q1,3,March,2023-03,7,2,Tuesday
2023-03-08,2023,Q1,3,March,2023-03,8,3,Wednesday
2023-03-09,2023,Q1,3,March,2023-03,9,4,Thursday
2023-03-10,2023,Q1,3,March,2023-03,10,5,Friday
2023-03-11,2023,Q1,3,March,2023-03,11,6,Saturday
2023-03-12,2023,Q1,3,March,2023-03,12,7,Sunday
2023-03-13,2023,Q1,3,March,2023-03,13,1,Monday
2023-03-14,2023,Q1,3,March,2023-03,14,2,Tuesday
2023-03-15,2023,Q1,3,March,2023-03,15,3,Wednesday
2023-03-16,2023,Q1,3,March,2023-03,16,4,Thursday
2023-03-17,2023,Q1,3,March,2023-03,17,5,Friday
2023-03-18,2023,Q1,3,March,2023-03,18,6,Saturday
2023-03-19,2023,Q1,3,March,2023-03,19,7,Sunday
2023-03-20,2023,Q1,3,March,2023-03,20,1,Monday
2023-03-21,2023,Q1,3,March,2023-03,21,2,Tuesday
2023-03-22,2023,Q1,3,March,2023-03,22,3,Wednesday
2023-03-23,2023,Q1,3,March,2023-03,23,4,Thursday
2023-03-24,2023,Q1,3,March,2023-03,24,5,Friday
2023-03-25,2023,Q1,3,March,2023-03,25,6,Saturday
2023-03-26,2023,Q1,3,March,2023-03,26,7,Sunday
2023-03-27,2023,Q1,3,March,2023-03,27,1,Monday
2023-03-28,2023,Q1,3,March,2023-03,28,2,Tuesday
2023-03-29,2023,Q1,3,March,2023-03,29,3,Wednesday
2023-03-30,2023,Q1,3,March,2023-03,30,4,Thursday
2023-03-31,2023,Q1,3,March,2023-03,31,5,Friday
2023-04-01,2023,Q2,4,April,2023-04,1,6,Saturday
2023-04-02,2023,Q2,4,April,2023-04,2,7,Sunday
2023-04-03,2023,Q2,4,April,2023-04,3,1,Monday
2023-04-04,2023,Q2,4,April,2023-04,4,2,Tuesday
2023-04-05,2023,Q2,4,April,2023-04,5,3,Wednesday
2023-04-06,2023,Q2,4,April,2023-04,6,4,Thursday
2023-04-07,2023,Q2,4,April,2023-04,7,5,Friday
2023-04-08,2023,Q2,4,April,2023-04,8,6,Saturday
2023-04-09,2023,Q2,4,April,2023-04,9,7,Sunday
2023-04-10,2023,Q2,4,April,2023-04,10,1,Monday
2023-04-11,2023,Q2,4,April,2023-04,11,2,Tuesday
2023-04-12,2023,Q2,4,April,2023-04,12,3,Wednesday
2023-04-13,2023,Q2,4,April,2023-04,13,4,Thursday
2023-04-14,2023,Q2,4,April,2023-04,14,5,Friday
2023-04-15,2023,Q2,4,April,2023-04,15,6,Saturday
2023-04-16,2023,Q2,4,April,2023-04,16,7,Sunday
2023-04-17,2023,Q2,4,April,2023-04,17,1,Monday
2023-04-18,2023,Q2,4,April,2023-04,18,2,Tuesday
2023-04-19,2023,Q2,4,April,2023-04,19,3,Wednesday
2023-04-20,2023,Q2,4,April,2023-04,20,4,Thursday
2023-04-21,2023,Q2,4,April,2023-04,21,5,Friday
2023-04-22,2023,Q2,4,April,2023-04,22,6,Saturday
2023-04-23,2023,Q2,4,April,2023-04,23,7,Sunday
2023-04-24,2023,Q2,4,April,2023-04,24,1,Monday
2023-04-25,2023,Q2,4,April,2023-04,25,2,Tuesday
2023-04-26,2023,Q2,4,April,2023-04,26,3,Wednesday
2023-04-27,2023,Q2,4,April,2023-04,27,4,Thursday
2023-04-28,2023,Q2,4,April,2023-04,28,5,Friday
2023-04-29,2023,Q2,4,April,2023-04,29,6,Saturday
2023-04-30,2023,Q2,4,April,2023-04,30,7,Sunday
2023-05-01,2023,Q2,5,May,2023-05,1,1,Monday
2023-05-02,2023,Q2,5,May,2023-05,2,2,Tuesday
2023-05-03,2023,Q2,5,May,2023-05,3,3,Wednesday
2023-05-04,2023,Q2,5,May,2023-05,4,4,Thursday
2023-05-05,2023,Q2,5,May,2023-05,5,5,Friday
2023-05-06,2023,Q2,5,May,2023-05,6,6,Saturday
2023-05-07,2023,Q2,5,May,2023-05,7,7,Sunday
2023-05-08,2023,Q2,5,May,2023-05,8,1,Monday
2023-05-09,2023,Q2,5,May,2023-05,9,2,Tuesday
2023-05-10,2023,Q2,5,May,2023-05,10,3,Wednesday
2023-05-11,2023,Q2,5,May,2023-05,11,4,Thursday
2023-05-12,2023,Q2,5,May,2023-05,12,5,Friday
2023-05-13,2023,Q2,5,May,2023-05,13,6,Saturday
2023-05-14,2023,Q2,5,May,2023-05,14,7,Sunday
2023-05-15,2023,Q2,5,May,2023-05,15,1,Monday
2023-05-16,2023,Q2,5,May,2023-05,16,2,Tuesday
2023-05-17,2023,Q2,5,May,2023-05,17,3,Wednesday
2023-05-18,2023,Q2,5,May,2023-05,18,4,Thursday
2023-05-19,2023,Q2,5,May,2023-05,19,5,Friday
2023-05-20,2023,Q2,5,May,2023-05,20,6,Saturday
2023-05-21,2023,Q2,5,May,2023-05,21,7,Sunday
2023-05-22,2023,Q2,5,May,2023-05,22,1,Monday
2023-05-23,2023,Q2,5,May,2023-05,23,2,Tuesday
2023-05-24,2023,Q2,5,May,2023-05,24,3,Wednesday
2023-05-25,2023,Q2,5,May,2023-05,25,4,Thursday
2023-05-26,2023,Q2,5,May,2023-05,26,5,Friday
2023-05-27,2023,Q2,5,May,2023-05,27,6,Saturday
2023-05-28,2023,Q2,5,May,2023-05,28,7,Sunday
2023-05-29,2023,Q2,5,May,2023-05,29,1,Monday
2023-05-30,2023,Q2,5,May,2023-05,30,2,Tuesday
2023-05-31,2023,Q2,5,May,2023-05,31,3,Wednesday
2023-06-01,2023,Q2,6,June,2023-06,1,4,Thursday
2023-06-02,2023,Q2,6,June,2023-06,2,5,Friday
2023-06-03,2023,Q2,6,June,2023-06,3,6,Saturday
2023-06-04,2023,Q2,6,June,2023-06,4,7,Sunday
2023-06-05,2023,Q2,6,June,2023-06,5,1,Monday
2023-06-06,2023,Q2,6,June,2023-06,6,2,Tuesday
2023-06-07,2023,Q2,6,June,2023-06,7,3,Wednesday
2023-06-08,2023,Q2,6,June,2023-06,8,4,Thursday
2023-06-09,2023,Q2,6,June,2023-06,9,5,Friday
2023-06-10,2023,Q2,6,June,2023-06,10,6,Saturday
2023-06-11,2023,Q2,6,June,2023-06,11,7,Sunday
2023-06-12,2023,Q2,6,June,2023-06,12,1,Monday
2023-06-13,2023,Q2,6,June,2023-06,13,2,Tuesday
2023-06-14,2023,Q2,6,June,2023-06,14,3,Wednesday
2023-06-15,2023,Q2,6,June,2023-06,15,4,Thursday
2023-06-16,2023,Q2,6,June,2023-06,16,5,Friday
2023-06-17,2023,Q2,6,June,2023-06,17,6,Saturday
2023-06-18,2023,Q2,6,June,2023-06,18,7,Sunday
2023-06-19,2023,Q2,6,June,2023-06,19,1,Monday
2023-06-20,2023,Q2,6,June,2023-06,20,2,Tuesday
2023-06-21,2023,Q2,6,June,2023-06,21,3,Wednesday
2023-06-22,2023,Q2,6,June,2023-06,22,4,Thursday
2023-06-23,2023,Q2,6,June,2023-06,23,5,Friday
2023-06-24,2023,Q2,6,June,2023-06,24,6,Saturday
2023-06-25,2023,Q2,6,June,2023-06,25,7,Sunday
2023-06-26,2023,Q2,6,June,2023-06,26,1,Monday
2023-06-27,2023,Q2,6,June,2023-06,27,2,Tuesday
2023-06-28,2023,Q2,6,June,2023-06,28,3,Wednesday
2023-06-29,2023,Q2,6,June,2023-06,29,4,Thursday
2023-06-30,2023,Q2,6,June,2023-06,30,5,Friday
2023-07-01,2023,Q3,7,July,2023-07,1,6,Saturday
2023-07-02,2023,Q3,7,July,2023-07,2,7,Sunday
2023-07-03,2023,Q3,7,July,2023-07,3,1,Monday
2023-07-04,2023,Q3,7,July,2023-07,4,2,Tuesday
2023-07-05,2023,Q3,7,July,2023-07,5,3,Wednesday
2023-07-06,2023,Q3,7,July,2023-07,6,4,Thursday
2023-07-07,2023,Q3,7,July,2023-07,7,5,Friday
2023-07-08,2023,Q3,7,July,2023-07,8,6,Saturday
2023-07-09,2023,Q3,7,July,2023-07,9,7,Sunday
2023-07-10,2023,Q3,7,July,2023-07,10,1,Monday
2023-07-11,2023,Q3,7,July,2023-07,11,2,Tuesday
2023-07-12,2023,Q3,7,July,2023-07,12,3,Wednesday
2023-07-13,2023,Q3,7,July,2023-07,13,4,Thursday
2023-07-14,2023,Q3,7,July,2023-07,14,5,Friday
2023-07-15,2023,Q3,7,July,2023-07,15,6,Saturday
2023-07-16,2023,Q3,7,July,2023-07,16,7,Sunday
2023-07-17,2023,Q3,7,July,2023-07,17,1,Monday
2023-07-18,2023,Q3,7,July,2023-07,18,2,Tuesday
2023-07-19,2023,Q3,7,July,2023-07,19,3,Wednesday
2023-07-20,2023,Q3,7,July,2023-07,20,4,Thursday
2023-07-21,2023,Q3,7,July,2023-07,21,5,Friday
2023-07-22,2023,Q3,7,July,2023-07,22,6,Saturday
2023-07-23,2023,Q3,7,July,2023-07,23,7,Sunday
2023-07-24,2023,Q3,7,July,2023-07,24,1,Monday
2023-07-25,2023,Q3,7,July,2023-07,25,2,Tuesday
2023-07-26,2023,Q3,7,July,2023-07,26,3,Wednesday
2023-07-27,2023,Q3,7,July,2023-07,27,4,Thursday
2023-07-28,2023,Q3,7,July,2023-07,28,5,Friday
2023-07-29,2023,Q3,7,July,2023-07,29,6,Saturday
2023-07-30,2023,Q3,7,July,2023-07,30,7,Sunday
2023-07-31,2023,Q3,7,July,2023-07,31,1,Monday
2023-08-01,2023,Q3,8,August,2023-08,1,2,Tuesday
2023-08-02,2023,Q3,8,August,2023-08,2,3,Wednesday
2023-08-03,2023,Q3,8,August,2023-08,3,4,Thursday
2023-08-04,2023,Q3,8,August,2023-08,4,5,Friday
2023-08-05,2023,Q3,8,August,2023-08,5,6,Saturday
2023-08-06,2023,Q3,8,August,2023-08,6,7,Sunday
2023-08-07,2023,Q3,8,August,2023-08,7,1,Monday
2023-08-08,2023,Q3,8,August,2023-08,8,2,Tuesday
2023-08-09,2023,Q3,8,August,2023-08,9,3,Wednesday
2023-08-10,2023,Q3,8,August,2023-08,10,4,Thursday
2023-08-11,2023,Q3,8,August,2023-08,11,5,Friday
2023-08-12,2023,Q3,8,August,2023-08,12,6,Saturday
2023-08-13,2023,Q3,8,August,2023-08,13,7,Sunday
2023-08-14,2023,Q3,8,August,2023-08,14,1,Monday
2023-08-15,2023,Q3,8,August,2023-08,15,2,Tuesday
2023-08-16,2023,Q3,8,August,2023-08,16,3,Wednesday
2023-08-17,2023,Q3,8,August,2023-08,17,4,Thursday
2023-08-18,2023,Q3,8,August,2023-08,18,5,Friday
2023-08-19,2023,Q3,8,August,2023-08,19,6,Saturday
2023-08-20,2023,Q3,8,August,2023-08,20,7,Sunday
2023-08-21,2023,Q3,8,August,2023-08,21,1,Monday
2023-08-22,2023,Q3,8,August,2023-08,22,2,Tuesday
2023-08-23,2023,Q3,8,August,2023-08,23,3,Wednesday
2023-08-24,2023,Q3,8,August,2023-08,24,4,Thursday
2023-08-25,2023,Q3,8,August,2023-08,25,5,Friday
2023-08-26,2023,Q3,8,August,2023-08,26,6,Saturday
2023-08-27,2023,Q3,8,August,2023-08,27,7,Sunday
2023-08-28,2023,Q3,8,August,2023-08,28,1,Monday
2023-08-29,2023,Q3,8,August,2023-08,29,2,Tuesday
2023-08-30,2023,Q3,8,August,2023-08,30,3,Wednesday
2023-08-31,2023,Q3,8,August,2023-08,31,4,Thursday
2023-09-01,2023,Q3,9,September,2023-09,1,5,Friday
2023-09-02,2023,Q3,9,September,2023-09,2,6,Saturday
2023-09-03,2023,Q3,9,September,2023-09,3,7,Sunday
2023-09-04,2023,Q3,9,September,2023-09,4,1,Monday
2023-09-05,2023,Q3,9,September,2023-09,5,2,Tuesday
2023-09-06,2023,Q3,9,September,2023-09,6,3,Wednesday
2023-09-07,2023,Q3,9,September,2023-09,7,4,Thursday
2023-09-08,2023,Q3,9,September,2023-09,8,5,Friday
2023-09-09,2023,Q3,9,September,2023-09,9,6,Saturday
2023-09-10,2023,Q3,9,September,2023-09,10,7,Sunday
2023-09-11,2023,Q3,9,September,2023-09,11,1,Monday
2023-09-12,2023,Q3,9,September,2023-09,12,2,Tuesday
2023-09-13,2023,Q3,9,September,2023-09,13,3,Wednesday
2023-09-14,2023,Q3,9,September,2023-09,14,4,Thursday
2023-09-15,2023,Q3,9,September,2023-09,15,5,Friday
2023-09-16,2023,Q3,9,September,2023-09,16,6,Saturday
2023-09-17,2023,Q3,9,September,2023-09,17,7,Sunday
2023-09-18,2023,Q3,9,September,2023-09,18,1,Monday
2023-09-19,2023,Q3,9,September,2023-09,19,2,Tuesday
2023-09-20,2023,Q3,9,September,2023-09,20,3,Wednesday
2023-09-21,2023,Q3,9,September,2023-09,21,4,Thursday
2023-09-22,2023,Q3,9,September,2023-09,22,5,Friday
2023-09-23,2023,Q3,9,September,2023-09,23,6,Saturday
2023-09-24,2023,Q3,9,September,2023-09,24,7,Sunday
2023-09-25,2023,Q3,9,September,2023-09,25,1,Monday
2023-09-26,2023,Q3,9,September,2023-09,26,2,Tuesday
2023-09-27,2023,Q3,9,September,2023-09,27,3,Wednesday
2023-09-28,2023,Q3,9,September,2023-09,28,4,Thursday
2023-09-29,2023,Q3,9,September,2023-09,29,5,Friday
2023-09-30,2023,Q3,9,September,2023-09,30,6,Saturday
2023-10-01,2023,Q4,10,October,2023-10,1,7,Sunday
2023-10-02,2023,Q4,10,October,2023-10,2,1,Monday
2023-10-03,2023,Q4,10,October,2023-10,3,2,Tuesday
2023-10-04,2023,Q4,10,October,2023-10,4,3,Wednesday
2023-10-05,2023,Q4,10,October,2023-10,5,4,Thursday
2023-10-06,2023,Q4,10,October,2023-10,6,5,Friday
2023-10-07,2023,Q4,10,October,2023-10,7,6,Saturday
2023-10-08,2023,Q4,10,October,2023-10,8,7,Sunday
2023-10-09,2023,Q4,10,October,2023-10,9,1,Monday
2023-10-10,2023,Q4,10,October,2023-10,10,2,Tuesday
2023-10-11,2023,Q4,10,October,2023-10,11,3,Wednesday
2023-10-12,2023,Q4,10,October,2023-10,12,4,Thursday
2023-10-13,2023,Q4,10,October,2023-10,13,5,Friday
2023-10-14,2023,Q4,10,October,2023-10,14,6,Saturday
2023-10-15,2023,Q4,10,October,2023-10,15,7,Sunday
2023-10-16,2023,Q4,10,October,2023-10,16,1,Monday
2023-10-17,2023,Q4,10,October,2023-10,17,2,Tuesday
2023-10-18,2023,Q4,10,October,2023-10,18,3,Wednesday
2023-10-19,2023,Q4,10,October,2023-10,19,4,Thursday
2023-10-20,2023,Q4,10,October,2023-10,20,5,Friday
2023-10-21,2023,Q4,10,October,2023-10,21,6,Saturday
2023-10-22,2023,Q4,10,October,2023-10,22,7,Sunday
2023-10-23,2023,Q4,10,October,2023-10,23,1,Monday
2023-10-24,2023,Q4,10,October,2023-10,24,2,Tuesday
2023-10-25,2023,Q4,10,October,2023-10,25,3,Wednesday
2023-10-26,2023,Q4,10,October,2023-10,26,4,Thursday
2023-10-27,2023,Q4,10,October,2023-10,27,5,Friday
2023-10-28,2023,Q4,10,October,2023-10,28,6,Saturday
2023-10-29,2023,Q4,10,October,2023-10,29,7,Sunday
2023-10-30,2023,Q4,10,October,2023-10,30,1,Monday
2023-10-31,2023,Q4,10,October,2023-10,31,2,Tuesday
2023-11-01,2023,Q4,11,November,2023-11,1,3,Wednesday
2023-11-02,2023,Q4,11,November,2023-11,2,4,Thursday
2023-11-03,2023,Q4,11,November,2023-11,3,5,Friday
2023-11-04,2023,Q4,11,November,2023-11,4,6,Saturday
2023-11-05,2023,Q4,11,November,2023-11,5,7,Sunday
2023-11-06,2023,Q4,11,November,2023-11,6,1,Monday
2023-11-07,2023,Q4,11,November,2023-11,7,2,Tuesday
2023-11-08,2023,Q4,11,November,2023-11,8,3,Wednesday
2023-11-09,2023,Q4,11,November,2023-11,9,4,Thursday
2023-11-10,2023,Q4,11,November,2023-11,10,5,Friday
2023-11-11,2023,Q4,11,November,2023-11,11,6,Saturday
2023-11-12,2023,Q4,11,November,2023-11,12,7,Sunday
2023-11-13,2023,Q4,11,November,2023-11,13,1,Monday
2023-11-14,2023,Q4,11,November,2023-11,14,2,Tuesday
2023-11-15,2023,Q4,11,November,2023-11,15,3,Wednesday
2023-11-16,2023,Q4,11,November,2023-11,16,4,Thursday
2023-11-17,2023,Q4,11,November,2023-11,17,5,Friday
2023-11-18,2023,Q4,11,November,2023-11,18,6,Saturday
2023-11-19,2023,Q4,11,November,2023-11,19,7,Sunday
2023-11-20,2023,Q4,11,November,2023-11,20,1,Monday
2023-11-21,2023,Q4,11,November,2023-11,21,2,Tuesday
2023-11-22,2023,Q4,11,November,2023-11,22,3,Wednesday
2023-11-23,2023,Q4,11,November,2023-11,23,4,Thursday
2023-11-24,2023,Q4,11,November,2023-11,24,5,Friday
2023-11-25,2023,Q4,11,November,2023-11,25,6,Saturday
2023-11-26,2023,Q4,11,November,2023-11,26,7,Sunday
2023-11-27,2023,Q4,11,November,2023-11,27,1,Monday
2023-11-28,2023,Q4,11,November,2023-11,28,2,Tuesday
2023-11-29,2023,Q4,11,November,2023-11,29,3,Wednesday
2023-11-30,2023,Q4,11,November,2023-11,30,4,Thursday
2023-12-01,2023,Q4,12,December,2023-12,1,5,Friday
2023-12-02,2023,Q4,12,December,2023-12,2,6,Saturday
2023-12-03,2023,Q4,12,December,2023-12,3,7,Sunday
2023-12-04,2023,Q4,12,December,2023-12,4,1,Monday
2023-12-05,2023,Q4,12,December,2023-12,5,2,Tuesday
2023-12-06,2023,Q4,12,December,2023-12,6,3,Wednesday
2023-12-07,2023,Q4,12,December,2023-12,7,4,Thursday
2023-12-08,2023,Q4,12,December,2023-12,8,5,Friday
2023-12-09,2023,Q4,12,December,2023-12,9,6,Saturday
2023-12-10,2023,Q4,12,December,2023-12,10,7,Sunday
2023-12-11,2023,Q4,12,December,2023-12,11,1,Monday
2023-12-12,2023,Q4,12,December,2023-12,12,2,Tuesday
2023-12-13,2023,Q4,12,December,2023-12,13,3,Wednesday
2023-12-14,2023,Q4,12,December,2023-12,14,4,Thursday
2023-12-15,2023,Q4,12,December,2023-12,15,5,Friday
2023-12-16,2023,Q4,12,December,2023-12,16,6,Saturday
2023-12-17,2023,Q4,12,December,2023-12,17,7,Sunday
2023-12-18,2023,Q4,12,December,2023-12,18,1,Monday
2023-12-19,2023,Q4,12,December,2023-12,19,2,Tuesday
2023-12-20,2023,Q4,12,December,2023-12,20,3,Wednesday
2023-12-21,2023,Q4,12,December,2023-12,21,4,Thursday
2023-12-22,2023,Q4,12,December,2023-12,22,5,Friday
2023-12-23,2023,Q4,12,December,2023-12,23,6,Saturday
2023-12-24,2023,Q4,12,December,2023-12,24,7,Sunday
2023-12-25,2023,Q4,12,December,2023-12,25,1,Monday
2023-12-26,2023,Q4,12,December,2023-12,26,2,Tuesday
2023-12-27,2023,Q4,12,December,2023-12,27,3,Wednesday
2023-12-28,2023,Q4,12,December,2023-12,28,4,Thursday
2023-12-29,2023,Q4,12,December,2023-12,29,5,Friday
2023-12-30,2023,Q4,12,December,2023-12,30,6,Saturday
2023-12-31,2023,Q4,12,December,2023-12,31,7,Sunday
2024-01-01,2024,Q1,1,January,2024-01,1,1,Monday
2024-01-02,2024,Q1,1,January,2024-01,2,2,Tuesday
2024-01-03,2024,Q1,1,January,2024-01,3,3,Wednesday
2024-01-04,2024,Q1,1,January,2024-01,4,4,Thursday
2024-01-05,2024,Q1,1,January,2024-01,5,5,Friday
2024-01-06,2024,Q1,1,January,2024-01,6,6,Saturday
2024-01-07,2024,Q1,1,January,2024-01,7,7,Sunday
2024-01-08,2024,Q1,1,January,2024-01,8,1,Monday
2024-01-09,2024,Q1,1,January,2024-01,9,2,Tuesday
2024-01-10,2024,Q1,1,January,2024-01,10,3,Wednesday
2024-01-11,2024,Q1,1,January,2024-01,11,4,Thursday
2024-01-12,2024,Q1,1,January,2024-01,12,5,Friday
2024-01-13,2024,Q1,1,January,2024-01,13,6,Saturday
2024-01-14,2024,Q1,1,January,2024-01,14,7,Sunday
2024-01-15,2024,Q1,1,January,2024-01,15,1,Monday
2024-01-16,2024,Q1,1,January,2024-01,16,2,Tuesday
2024-01-17,2024,Q1,1,January,2024-01,17,3,Wednesday
2024-01-18,2024,Q1,1,January,2024-01,18,4,Thursday
2024-01-19,2024,Q1,1,January,2024-01,19,5,Friday
2024-01-20,2024,Q1,1,January,2024-01,20,6,Saturday
2024-01-21,2024,Q1,1,January,2024-01,21,7,Sunday
2024-01-22,2024,Q1,1,January,2024-01,22,1,Monday
2024-01-23,2024,Q1,1,January,2024-01,23,2,Tuesday
2024-01-24,2024,Q1,1,January,2024-01,24,3,Wednesday
2024-01-25,2024,Q1,1,January,2024-01,25,4,Thursday
2024-01-26,2024,Q1,1,January,2024-01,26,5,Friday
2024-01-27,2024,Q1,1,January,2024-01,27,6,Saturday
2024-01-28,2024,Q1,1,January,2024-01,28,7,Sunday
2024-01-29,2024,Q1,1,January,2024-01,29,1,Monday
2024-01-30,2024,Q1,1,January,2024-01,30,2,Tuesday
2024-01-31,2024,Q1,1,January,2024-01,31,3,Wednesday
2024-02-01,2024,Q1,2,February,2024-02,1,4,Thursday
2024-02-02,2024,Q1,2,February,2024-02,2,5,Friday
2024-02-03,2024,Q1,2,February,2024-02,3,6,Saturday
2024-02-04,2024,Q1,2,February,2024-02,4,7,Sunday
2024-02-05,2024,Q1,2,February,2024-02,5,1,Monday
2024-02-06,2024,Q1,2,February,2024-02,6,2,Tuesday
2024-02-07,2024,Q1,2,February,2024-02,7,3,Wednesday
2024-02-08,2024,Q1,2,February,2024-02,8,4,Thursday
2024-02-09,2024,Q1,2,February,2024-02,9,5,Friday
2024-02-10,2024,Q1,2,February,2024-02,10,6,Saturday
2024-02-11,2024,Q1,2,February,2024-02,11,7,Sunday
2024-02-12,2024,Q1,2,February,2024-02,12,1,Monday
2024-02-13,2024,Q1,2,February,2024-02,13,2,Tuesday
2024-02-14,2024,Q1,2,February,2024-02,14,3,Wednesday
2024-02-15,2024,Q1,2,February,2024-02,15,4,Thursday
2024-02-16,2024,Q1,2,February,2024-02,16,5,Friday
2024-02-17,2024,Q1,2,February,2024-02,17,6,Saturday
2024-02-18,2024,Q1,2,February,2024-02,18,7,Sunday
2024-02-19,2024,Q1,2,February,2024-02,19,1,Monday
2024-02-20,2024,Q1,2,February,2024-02,20,2,Tuesday
2024-02-21,2024,Q1,2,February,2024-02,21,3,Wednesday
2024-02-22,2024,Q1,2,February,2024-02,22,4,Thursday
2024-02-23,2024,Q1,2,February,2024-02,23,5,Friday
2024-02-24,2024,Q1,2,February,2024-02,24,6,Saturday
2024-02-25,2024,Q1,2,February,2024-02,25,7,Sunday
2024-02-26,2024,Q1,2,February,2024-02,26,1,Monday
2024-02-27,2024,Q1,2,February,2024-02,27,2,Tuesday
2024-02-28,2024,Q1,2,February,2024-02,28,3,Wednesday
2024-02-29,2024,Q1,2,February,2024-02,29,4,Thursday
2024-03-01,2024,Q1,3,March,2024-03,1,5,Friday
2024-03-02,2024,Q1,3,March,2024-03,2,6,Saturday
2024-03-03,2024,Q1,3,March,2024-03,3,7,Sunday
2024-03-04,2024,Q1,3,March,2024-03,4,1,Monday
2024-03-05,2024,Q1,3,March,2024-03,5,2,Tuesday
2024-03-06,2024,Q1,3,March,2024-03,6,3,Wednesday
2024-03-07,2024,Q1,3,March,2024-03,7,4,Thursday
2024-03-08,2024,Q1,3,March,2024-03,8,5,Friday
2024-03-09,2024,Q1,3,March,2024-03,9,6,Saturday
2024-03-10,2024,Q1,3,March,2024-03,10,7,Sunday
2024-03-11,2024,Q1,3,March,2024-03,11,1,Monday
2024-03-12,2024,Q1,3,March,2024-03,12,2,Tuesday
2024-03-13,2024,Q1,3,March,2024-03,13,3,Wednesday
2024-03-14,2024,Q1,3,March,2024-03,14,4,Thursday
2024-03-15,2024,Q1,3,March,2024-03,15,5,Friday
2024-03-16,2024,Q1,3,March,2024-03,16,6,Saturday
2024-03-17,2024,Q1,3,March,2024-03,17,7,Sunday
2024-03-18,2024,Q1,3,March,2024-03,18,1,Monday
2024-03-19,2024,Q1,3,March,2024-03,19,2,Tuesday
2024-03-20,2024,Q1,3,March,2024-03,20,3,Wednesday
2024-03-21,2024,Q1,3,March,2024-03,21,4,Thursday
2024-03-22,2024,Q1,3,March,2024-03,22,5,Friday
2024-03-23,2024,Q1,3,March,2024-03,23,6,Saturday
2024-03-24,2024,Q1,3,March,2024-03,24,7,Sunday
2024-03-25,2024,Q1,3,March,2024-03,25,1,Monday
2024-03-26,2024,Q1,3,March,2024-03,26,2,Tuesday
2024-03-27,2024,Q1,3,March,2024-03,27,3,Wednesday
2024-03-28,2024,Q1,3,March,2024-03,28,4,Thursday
2024-03-29,2024,Q1,3,March,2024-03,29,5,Friday
2024-03-30,2024,Q1,3,March,2024-03,30,6,Saturday
2024-03-31,2024,Q1,3,March,2024-03,31,7,Sunday
2024-04-01,2024,Q2,4,April,2024-04,1,1,Monday
2024-04-02,2024,Q2,4,April,2024-04,2,2,Tuesday
2024-04-03,2024,Q2,4,April,2024-04,3,3,Wednesday
2024-04-04,2024,Q2,4,April,2024-04,4,4,Thursday
2024-04-05,2024,Q2,4,April,2024-04,5,5,Friday
2024-04-06,2024,Q2,4,April,2024-04,6,6,Saturday
2024-04-07,2024,Q2,4,April,2024-04,7,7,Sunday
2024-04-08,2024,Q2,4,April,2024-04,8,1,Monday
2024-04-09,2024,Q2,4,April,2024-04,9,2,Tuesday
2024-04-10,2024,Q2,4,April,2024-04,10,3,Wednesday
2024-04-11,2024,Q2,4,April,2024-04,11,4,Thursday
2024-04-12,2024,Q2,4,April,2024-04,12,5,Friday
2024-04-13,2024,Q2,4,April,2024-04,13,6,Saturday
2024-04-14,2024,Q2,4,April,2024-04,14,7,Sunday
2024-04-15,2024,Q2,4,April,2024-04,15,1,Monday
2024-04-16,2024,Q2,4,April,2024-04,16,2,Tuesday
2024-04-17,2024,Q2,4,April,2024-04,17,3,Wednesday
2024-04-18,2024,Q2,4,April,2024-04,18,4,Thursday
2024-04-19,2024,Q2,4,April,2024-04,19,5,Friday
2024-04-20,2024,Q2,4,April,2024-04,20,6,Saturday
2024-04-21,2024,Q2,4,April,2024-04,21,7,Sunday
2024-04-22,2024,Q2,4,April,2024-04,22,1,Monday
2024-04-23,2024,Q2,4,April,2024-04,23,2,Tuesday
2024-04-24,2024,Q2,4,April,2024-04,24,3,Wednesday
2024-04-25,2024,Q2,4,April,2024-04,25,4,Thursday
2024-04-26,2024,Q2,4,April,2024-04,26,5,Friday
2024-04-27,2024,Q2,4,April,2024-04,27,6,Saturday
2024-04-28,2024,Q2,4,April,2024-04,28,7,Sunday
2024-04-29,2024,Q2,4,April,2024-04,29,1,Monday
2024-04-30,2024,Q2,4,April,2024-04,30,2,Tuesday
2024-05-01,2024,Q2,5,May,2024-05,1,3,Wednesday
2024-05-02,2024,Q2,5,May,2024-05,2,4,Thursday
2024-05-03,2024,Q2,5,May,2024-05,3,5,Friday
2024-05-04,2024,Q2,5,May,2024-05,4,6,Saturday
2024-05-05,2024,Q2,5,May,2024-05,5,7,Sunday
2024-05-06,2024,Q2,5,May,2024-05,6,1,Monday
2024-05-07,2024,Q2,5,May,2024-05,7,2,Tuesday
2024-05-08,2024,Q2,5,May,2024-05,8,3,Wednesday
2024-05-09,2024,Q2,5,May,2024-05,9,4,Thursday
2024-05-10,2024,Q2,5,May,2024-05,10,5,Friday
2024-05-11,2024,Q2,5,May,2024-05,11,6,Saturday
2024-05-12,2024,Q2,5,May,2024-05,12,7,Sunday
2024-05-13,2024,Q2,5,May,2024-05,13,1,Monday
2024-05-14,2024,Q2,5,May,2024-05,14,2,Tuesday
2024-05-15,2024,Q2,5,May,2024-05,15,3,Wednesday
2024-05-16,2024,Q2,5,May,2024-05,16,4,Thursday
2024-05-17,2024,Q2,5,May,2024-05,17,5,Friday
2024-05-18,2024,Q2,5,May,2024-05,18,6,Saturday
2024-05-19,2024,Q2,5,May,2024-05,19,7,Sunday
2024-05-20,2024,Q2,5,May,2024-05,20,1,Monday
2024-05-21,2024,Q2,5,May,2024-05,21,2,Tuesday
2024-05-22,2024,Q2,5,May,2024-05,22,3,Wednesday
2024-05-23,2024,Q2,5,May,2024-05,23,4,Thursday
2024-05-24,2024,Q2,5,May,2024-05,24,5,Friday
2024-05-25,2024,Q2,5,May,2024-05,25,6,Saturday
2024-05-26,2024,Q2,5,May,2024-05,26,7,Sunday
2024-05-27,2024,Q2,5,May,2024-05,27,1,Monday
2024-05-28,2024,Q2,5,May,2024-05,28,2,Tuesday
2024-05-29,2024,Q2,5,May,2024-05,29,3,Wednesday
2024-05-30,2024,Q2,5,May,2024-05,30,4,Thursday
2024-05-31,2024,Q2,5,May,2024-05,31,5,Friday
2024-06-01,2024,Q2,6,June,2024-06,1,6,Saturday
2024-06-02,2024,Q2,6,June,2024-06,2,7,Sunday
2024-06-03,2024,Q2,6,June,2024-06,3,1,Monday
2024-06-04,2024,Q2,6,June,2024-06,4,2,Tuesday
2024-06-05,2024,Q2,6,June,2024-06,5,3,Wednesday
2024-06-06,2024,Q2,6,June,2024-06,6,4,Thursday
2024-06-07,2024,Q2,6,June,2024-06,7,5,Friday
2024-06-08,2024,Q2,6,June,2024-06,8,6,Saturday
2024-06-09,2024,Q2,6,June,2024-06,9,7,Sunday
2024-06-10,2024,Q2,6,June,2024-06,10,1,Monday
2024-06-11,2024,Q2,6,June,2024-06,11,2,Tuesday
2024-06-12,2024,Q2,6,June,2024-06,12,3,Wednesday
2024-06-13,2024,Q2,6,June,2024-06,13,4,Thursday
2024-06-14,2024,Q2,6,June,2024-06,14,5,Friday
2024-06-15,2024,Q2,6,June,2024-06,15,6,Saturday
2024-06-16,2024,Q2,6,June,2024-06,16,7,Sunday
2024-06-17,2024,Q2,6,June,2024-06,17,1,Monday
2024-06-18,2024,Q2,6,June,2024-06,18,2,Tuesday
2024-06-19,2024,Q2,6,June,2024-06,19,3,Wednesday
2024-06-20,2024,Q2,6,June,2024-06,20,4,Thursday
2024-06-21,2024,Q2,6,June,2024-06,21,5,Friday
2024-06-22,2024,Q2,6,June,2024-06,22,6,Saturday
2024-06-23,2024,Q2,6,June,2024-06,23,7,Sunday
2024-06-24,2024,Q2,6,June,2024-06,24,1,Monday
2024-06-25,2024,Q2,6,June,2024-06,25,2,Tuesday
2024-06-26,2024,Q2,6,June,2024-06,26,3,Wednesday
2024-06-27,2024,Q2,6,June,2024-06,27,4,Thursday
2024-06-28,2024,Q2,6,June,2024-06,28,5,Friday
2024-06-29,2024,Q2,6,June,2024-06,29,6,Saturday
2024-06-30,2024,Q2,6,June,2024-06,30,7,Sunday
2024-07-01,2024,Q3,7,July,2024-07,1,1,Monday
2024-07-02,2024,Q3,7,July,2024-07,2,2,Tuesday
2024-07-03,2024,Q3,7,July,2024-07,3,3,Wednesday
2024-07-04,2024,Q3,7,July,2024-07,4,4,Thursday
2024-07-05,2024,Q3,7,July,2024-07,5,5,Friday
2024-07-06,2024,Q3,7,July,2024-07,6,6,Saturday
2024-07-07,2024,Q3,7,July,2024-07,7,7,Sunday
2024-07-08,2024,Q3,7,July,2024-07,8,1,Monday
2024-07-09,2024,Q3,7,July,2024-07,9,2,Tuesday
2024-07-10,2024,Q3,7,July,2024-07,10,3,Wednesday
2024-07-11,2024,Q3,7,July,2024-07,11,4,Thursday
2024-07-12,2024,Q3,7,July,2024-07,12,5,Friday
2024-07-13,2024,Q3,7,July,2024-07,13,6,Saturday
2024-07-14,2024,Q3,7,July,2024-07,14,7,Sunday
2024-07-15,2024,Q3,7,July,2024-07,15,1,Monday
2024-07-16,2024,Q3,7,July,2024-07,16,2,Tuesday
2024-07-17,2024,Q3,7,July,2024-07,17,3,Wednesday
2024-07-18,2024,Q3,7,July,2024-07,18,4,Thursday
2024-07-19,2024,Q3,7,July,2024-07,19,5,Friday
2024-07-20,2024,Q3,7,July,2024-07,20,6,Saturday
2024-07-21,2024,Q3,7,July,2024-07,21,7,Sunday
2024-07-22,2024,Q3,7,July,2024-07,22,1,Monday
2024-07-23,2024,Q3,7,July,2024-07,23,2,Tuesday
2024-07-24,2024,Q3,7,July,2024-07,24,3,Wednesday
2024-07-25,2024,Q3,7,July,2024-07,25,4,Thursday
2024-07-26,2024,Q3,7,July,2024-07,26,5,Friday
2024-07-27,2024,Q3,7,July,2024-07,27,6,Saturday
2024-07-28,2024,Q3,7,July,2024-07,28,7,Sunday
2024-07-29,2024,Q3,7,July,2024-07,29,1,Monday
2024-07-30,2024,Q3,7,July,2024-07,30,2,Tuesday
2024-07-31,2024,Q3,7,July,2024-07,31,3,Wednesday
2024-08-01,2024,Q3,8,August,2024-08,1,4,Thursday
2024-08-02,2024,Q3,8,August,2024-08,2,5,Friday
2024-08-03,2024,Q3,8,August,2024-08,3,6,Saturday
2024-08-04,2024,Q3,8,August,2024-08,4,7,Sunday
2024-08-05,2024,Q3,8,August,2024-08,5,1,Monday
2024-08-06,2024,Q3,8,August,2024-08,6,2,Tuesday
2024-08-07,2024,Q3,8,August,2024-08,7,3,Wednesday
2024-08-08,2024,Q3,8,August,2024-08,8,4,Thursday
2024-08-09,2024,Q3,8,August,2024-08,9,5,Friday
2024-08-10,2024,Q3,8,August,2024-08,10,6,Saturday
2024-08-11,2024,Q3,8,August,2024-08,11,7,Sunday
2024-08-12,2024,Q3,8,August,2024-08,12,1,Monday
2024-08-13,2024,Q3,8,August,2024-08,13,2,Tuesday
2024-08-14,2024,Q3,8,August,2024-08,14,3,Wednesday
2024-08-15,2024,Q3,8,August,2024-08,15,4,Thursday
2024-08-16,2024,Q3,8,August,2024-08,16,5,Friday
2024-08-17,2024,Q3,8,August,2024-08,17,6,Saturday
2024-08-18,2024,Q3,8,August,2024-08,18,7,Sunday
2024-08-19,2024,Q3,8,August,2024-08,19,1,Monday
2024-08-20,2024,Q3,8,August,2024-08,20,2,Tuesday
2024-08-21,2024,Q3,8,August,2024-08,21,3,Wednesday
2024-08-22,2024,Q3,8,August,2024-08,22,4,Thursday
2024-08-23,2024,Q3,8,August,2024-08,23,5,Friday
2024-08-24,2024,Q3,8,August,2024-08,24,6,Saturday
2024-08-25,2024,Q3,8,August,2024-08,25,7,Sunday
2024-08-26,2024,Q3,8,August,2024-08,26,1,Monday
2024-08-27,2024,Q3,8,August,2024-08,27,2,Tuesday
2024-08-28,2024,Q3,8,August,2024-08,28,3,Wednesday
2024-08-29,2024,Q3,8,August,2024-08,29,4,Thursday
2024-08-30,2024,Q3,8,August,2024-08,30,5,Friday
2024-08-31,2024,Q3,8,August,2024-08,31,6,Saturday
2024-09-01,2024,Q3,9,September,2024-09,1,7,Sunday
2024-09-02,2024,Q3,9,September,2024-09,2,1,Monday
2024-09-03,2024,Q3,9,September,2024-09,3,2,Tuesday
2024-09-04,2024,Q3,9,September,2024-09,4,3,Wednesday
2024-09-05,2024,Q3,9,September,2024-09,5,4,Thursday
2024-09-06,2024,Q3,9,September,2024-09,6,5,Friday
2024-09-07,2024,Q3,9,September,2024-09,7,6,Saturday
2024-09-08,2024,Q3,9,September,2024-09,8,7,Sunday
2024-09-09,2024,Q3,9,September,2024-09,9,1,Monday
2024-09-10,2024,Q3,9,September,2024-09,10,2,Tuesday
2024-09-11,2024,Q3,9,September,2024-09,11,3,Wednesday
2024-09-12,2024,Q3,9,September,2024-09,12,4,Thursday
2024-09-13,2024,Q3,9,September,2024-09,13,5,Friday
2024-09-14,2024,Q3,9,September,2024-09,14,6,Saturday
2024-09-15,2024,Q3,9,September,2024-09,15,7,Sunday
2024-09-16,2024,Q3,9,September,2024-09,16,1,Monday
2024-09-17,2024,Q3,9,September,2024-09,17,2,Tuesday
2024-09-18,2024,Q3,9,September,2024-09,18,3,Wednesday
2024-09-19,2024,Q3,9,September,2024-09,19,4,Thursday
2024-09-20,2024,Q3,9,September,2024-09,20,5,Friday
2024-09-21,2024,Q3,9,September,2024-09,21,6,Saturday
2024-09-22,2024,Q3,9,September,2024-09,22,7,Sunday
2024-09-23,2024,Q3,9,September,2024-09,23,1,Monday
2024-09-24,2024,Q3,9,September,2024-09,24,2,Tuesday
2024-09-25,2024,Q3,9,September,2024-09,25,3,Wednesday
2024-09-26,2024,Q3,9,September,2024-09,26,4,Thursday
2024-09-27,2024,Q3,9,September,2024-09,27,5,Friday
2024-09-28,2024,Q3,9,September,2024-09,28,6,Saturday
2024-09-29,2024,Q3,9,September,2024-09,29,7,Sunday
2024-09-30,2024,Q3,9,September,2024-09,30,1,Monday
2024-10-01,2024,Q4,10,October,2024-10,1,2,Tuesday
2024-10-02,2024,Q4,10,October,2024-10,2,3,Wednesday
2024-10-03,2024,Q4,10,October,2024-10,3,4,Thursday
2024-10-04,2024,Q4,10,October,2024-10,4,5,Friday
2024-10-05,2024,Q4,10,October,2024-10,5,6,Saturday
2024-10-06,2024,Q4,10,October,2024-10,6,7,Sunday
2024-10-07,2024,Q4,10,October,2024-10,7,1,Monday
2024-10-08,2024,Q4,10,October,2024-10,8,2,Tuesday
2024-10-09,2024,Q4,10,October,2024-10,9,3,Wednesday
2024-10-10,2024,Q4,10,October,2024-10,10,4,Thursday
2024-10-11,2024,Q4,10,October,2024-10,11,5,Friday
2024-10-12,2024,Q4,10,October,2024-10,12,6,Saturday
2024-10-13,2024,Q4,10,October,2024-10,13,7,Sunday
2024-10-14,2024,Q4,10,October,2024-10,14,1,Monday
2024-10-15,2024,Q4,10,October,2024-10,15,2,Tuesday
2024-10-16,2024,Q4,10,October,2024-10,16,3,Wednesday
2024-10-17,2024,Q4,10,October,2024-10,17,4,Thursday
2024-10-18,2024,Q4,10,October,2024-10,18,5,Friday
2024-10-19,2024,Q4,10,October,2024-10,19,6,Saturday
2024-10-20,2024,Q4,10,October,2024-10,20,7,Sunday
2024-10-21,2024,Q4,10,October,2024-10,21,1,Monday
2024-10-22,2024,Q4,10,October,2024-10,22,2,Tuesday
2024-10-23,2024,Q4,10,October,2024-10,23,3,Wednesday
2024-10-24,2024,Q4,10,October,2024-10,24,4,Thursday
2024-10-25,2024,Q4,10,October,2024-10,25,5,Friday
2024-10-26,2024,Q4,10,October,2024-10,26,6,Saturday
2024-10-27,2024,Q4,10,October,2024-10,27,7,Sunday
2024-10-28,2024,Q4,10,October,2024-10,28,1,Monday
2024-10-29,2024,Q4,10,October,2024-10,29,2,Tuesday
2024-10-30,2024,Q4,10,October,2024-10,30,3,Wednesday
2024-10-31,2024,Q4,10,October,2024-10,31,4,Thursday
2024-11-01,2024,Q4,11,November,2024-11,1,5,Friday
2024-11-02,2024,Q4,11,November,2024-11,2,6,Saturday
2024-11-03,2024,Q4,11,November,2024-11,3,7,Sunday
2024-11-04,2024,Q4,11,November,2024-11,4,1,Monday
2024-11-05,2024,Q4,11,November,2024-11,5,2,Tuesday
2024-11-06,2024,Q4,11,November,2024-11,6,3,Wednesday
2024-11-07,2024,Q4,11,November,2024-11,7,4,Thursday
2024-11-08,2024,Q4,11,November,2024-11,8,5,Friday
2024-11-09,2024,Q4,11,November,2024-11,9,6,Saturday
2024-11-10,2024,Q4,11,November,2024-11,10,7,Sunday
2024-11-11,2024,Q4,11,November,2024-11,11,1,Monday
2024-11-12,2024,Q4,11,November,2024-11,12,2,Tuesday
2024-11-13,2024,Q4,11,November,2024-11,13,3,Wednesday
2024-11-14,2024,Q4,11,November,2024-11,14,4,Thursday
2024-11-15,2024,Q4,11,November,2024-11,15,5,Friday
2024-11-16,2024,Q4,11,November,2024-11,16,6,Saturday
2024-11-17,2024,Q4,11,November,2024-11,17,7,Sunday
2024-11-18,2024,Q4,11,November,2024-11,18,1,Monday
2024-11-19,2024,Q4,11,November,2024-11,19,2,Tuesday
2024-11-20,2024,Q4,11,November,2024-11,20,3,Wednesday
2024-11-21,2024,Q4,11,November,2024-11,21,4,Thursday
2024-11-22,2024,Q4,11,November,2024-11,22,5,Friday
2024-11-23,2024,Q4,11,November,2024-11,23,6,Saturday
2024-11-24,2024,Q4,11,November,2024-11,24,7,Sunday
2024-11-25,2024,Q4,11,November,2024-11,25,1,Monday
2024-11-26,2024,Q4,11,November,2024-11,26,2,Tuesday
2024-11-27,2024,Q4,11,November,2024-11,27,3,Wednesday
2024-11-28,2024,Q4,11,November,2024-11,28,4,Thursday
2024-11-29,2024,Q4,11,November,2024-11,29,5,Friday
2024-11-30,2024,Q4,11,November,2024-11,30,6,Saturday
2024-12-01,2024,Q4,12,December,2024-12,1,7,Sunday
2024-12-02,2024,Q4,12,December,2024-12,2,1,Monday
2024-12-03,2024,Q4,12,December,2024-12,3,2,Tuesday
2024-12-04,2024,Q4,12,December,2024-12,4,3,Wednesday
2024-12-05,2024,Q4,12,December,2024-12,5,4,Thursday
2024-12-06,2024,Q4,12,December,2024-12,6,5,Friday
2024-12-07,2024,Q4,12,December,2024-12,7,6,Saturday
2024-12-08,2024,Q4,12,December,2024-12,8,7,Sunday
2024-12-09,2024,Q4,12,December,2024-12,9,1,Monday
2024-12-10,2024,Q4,12,December,2024-12,10,2,Tuesday
2024-12-11,2024,Q4,12,December,2024-12,11,3,Wednesday
2024-12-12,2024,Q4,12,December,2024-12,12,4,Thursday
2024-12-13,2024,Q4,12,December,2024-12,13,5,Friday
2024-12-14,2024,Q4,12,December,2024-12,14,6,Saturday
2024-12-15,2024,Q4,12,December,2024-12,15,7,Sunday
2024-12-16,2024,Q4,12,December,2024-12,16,1,Monday
2024-12-17,2024,Q4,12,December,2024-12,17,2,Tuesday
2024-12-18,2024,Q4,12,December,2024-12,18,3,Wednesday
2024-12-19,2024,Q4,12,December,2024-12,19,4,Thursday
2024-12-20,2024,Q4,12,December,2024-12,20,5,Friday
2024-12-21,2024,Q4,12,December,2024-12,21,6,Saturday
2024-12-22,2024,Q4,12,December,2024-12,22,7,Sunday
2024-12-23,2024,Q4,12,December,2024-12,23,1,Monday
2024-12-24,2024,Q4,12,December,2024-12,24,2,Tuesday
2024-12-25,2024,Q4,12,December,2024-12,25,3,Wednesday
2024-12-26,2024,Q4,12,December,2024-12,26,4,Thursday
2024-12-27,2024,Q4,12,December,2024-12,27,5,Friday
2024-12-28,2024,Q4,12,December,2024-12,28,6,Saturday
2024-12-29,2024,Q4,12,December,2024-12,29,7,Sunday
2024-12-30,2024,Q4,12,December,2024-12,30,1,Monday
2024-12-31,2024,Q4,12,December,2024-12,31,2,Tuesday
2025-01-01,2025,Q1,1,January,2025-01,1,3,Wednesday
2025-01-02,2025,Q1,1,January,2025-01,2,4,Thursday
2025-01-03,2025,Q1,1,January,2025-01,3,5,Friday
2025-01-04,2025,Q1,1,January,2025-01,4,6,Saturday
2025-01-05,2025,Q1,1,January,2025-01,5,7,Sunday
2025-01-06,2025,Q1,1,January,2025-01,6,1,Monday
2025-01-07,2025,Q1,1,January,2025-01,7,2,Tuesday
2025-01-08,2025,Q1,1,January,2025-01,8,3,Wednesday
2025-01-09,2025,Q1,1,January,2025-01,9,4,Thursday
2025-01-10,2025,Q1,1,January,2025-01,10,5,Friday
2025-01-11,2025,Q1,1,January,2025-01,11,6,Saturday
2025-01-12,2025,Q1,1,January,2025-01,12,7,Sunday
2025-01-13,2025,Q1,1,January,2025-01,13,1,Monday
2025-01-14,2025,Q1,1,January,2025-01,14,2,Tuesday
2025-01-15,2025,Q1,1,January,2025-01,15,3,Wednesday
2025-01-16,2025,Q1,1,January,2025-01,16,4,Thursday
2025-01-17,2025,Q1,1,January,2025-01,17,5,Friday
2025-01-18,2025,Q1,1,January,2025-01,18,6,Saturday
2025-01-19,2025,Q1,1,January,2025-01,19,7,Sunday
2025-01-20,2025,Q1,1,January,2025-01,20,1,Monday
2025-01-21,2025,Q1,1,January,2025-01,21,2,Tuesday
2025-01-22,2025,Q1,1,January,2025-01,22,3,Wednesday
2025-01-23,2025,Q1,1,January,2025-01,23,4,Thursday
2025-01-24,2025,Q1,1,January,2025-01,24,5,Friday
2025-01-25,2025,Q1,1,January,2025-01,25,6,Saturday
2025-01-26,2025,Q1,1,January,2025-01,26,7,Sunday
2025-01-27,2025,Q1,1,January,2025-01,27,1,Monday
2025-01-28,2025,Q1,1,January,2025-01,28,2,Tuesday
2025-01-29,2025,Q1,1,January,2025-01,29,3,Wednesday
2025-01-30,2025,Q1,1,January,2025-01,30,4,Thursday
2025-01-31,2025,Q1,1,January,2025-01,31,5,Friday
2025-02-01,2025,Q1,2,February,2025-02,1,6,Saturday
2025-02-02,2025,Q1,2,February,2025-02,2,7,Sunday
2025-02-03,2025,Q1,2,February,2025-02,3,1,Monday
2025-02-04,2025,Q1,2,February,2025-02,4,2,Tuesday
2025-02-05,2025,Q1,2,February,2025-02,5,3,Wednesday
2025-02-06,2025,Q1,2,February,2025-02,6,4,Thursday
2025-02-07,2025,Q1,2,February,2025-02,7,5,Friday
2025-02-08,2025,Q1,2,February,2025-02,8,6,Saturday
2025-02-09,2025,Q1,2,February,2025-02,9,7,Sunday
2025-02-10,2025,Q1,2,February,2025-02,10,1,Monday
2025-02-11,2025,Q1,2,February,2025-02,11,2,Tuesday
2025-02-12,2025,Q1,2,February,2025-02,12,3,Wednesday
2025-02-13,2025,Q1,2,February,2025-02,13,4,Thursday
2025-02-14,2025,Q1,2,February,2025-02,14,5,Friday
2025-02-15,2025,Q1,2,February,2025-02,15,6,Saturday
2025-02-16,2025,Q1,2,February,2025-02,16,7,Sunday
2025-02-17,2025,Q1,2,February,2025-02,17,1,Monday
2025-02-18,2025,Q1,2,February,2025-02,18,2,Tuesday
2025-02-19,2025,Q1,2,February,2025-02,19,3,Wednesday
2025-02-20,2025,Q1,2,February,2025-02,20,4,Thursday
2025-02-21,2025,Q1,2,February,2025-02,21,5,Friday
2025-02-22,2025,Q1,2,February,2025-02,22,6,Saturday
2025-02-23,2025,Q1,2,February,2025-02,23,7,Sunday
2025-02-24,2025,Q1,2,February,2025-02,24,1,Monday
2025-02-25,2025,Q1,2,February,2025-02,25,2,Tuesday
2025-02-26,2025,Q1,2,February,2025-02,26,3,Wednesday
2025-02-27,2025,Q1,2,February,2025-02,27,4,Thursday
2025-02-28,2025,Q1,2,February,2025-02,28,5,Friday
2025-03-01,2025,Q1,3,March,2025-03,1,6,Saturday
2025-03-02,2025,Q1,3,March,2025-03,2,7,Sunday
2025-03-03,2025,Q1,3,March,2025-03,3,1,Monday
2025-03-04,2025,Q1,3,March,2025-03,4,2,Tuesday
2025-03-05,2025,Q1,3,March,2025-03,5,3,Wednesday
2025-03-06,2025,Q1,3,March,2025-03,6,4,Thursday
2025-03-07,2025,Q1,3,March,2025-03,7,5,Friday
2025-03-08,2025,Q1,3,March,2025-03,8,6,Saturday
2025-03-09,2025,Q1,3,March,2025-03,9,7,Sunday
2025-03-10,2025,Q1,3,March,2025-03,10,1,Monday
2025-03-11,2025,Q1,3,March,2025-03,11,2,Tuesday
2025-03-12,2025,Q1,3,March,2025-03,12,3,Wednesday
2025-03-13,2025,Q1,3,March,2025-03,13,4,Thursday
2025-03-14,2025,Q1,3,March,2025-03,14,5,Friday
2025-03-15,2025,Q1,3,March,2025-03,15,6,Saturday
2025-03-16,2025,Q1,3,March,2025-03,16,7,Sunday
2025-03-17,2025,Q1,3,March,2025-03,17,1,Monday
2025-03-18,2025,Q1,3,March,2025-03,18,2,Tuesday
2025-03-19,2025,Q1,3,March,2025-03,19,3,Wednesday
2025-03-20,2025,Q1,3,March,2025-03,20,4,Thursday
2025-03-21,2025,Q1,3,March,2025-03,21,5,Friday
2025-03-22,2025,Q1,3,March,2025-03,22,6,Saturday
2025-03-23,2025,Q1,3,March,2025-03,23,7,Sunday
2025-03-24,2025,Q1,3,March,2025-03,24,1,Monday
2025-03-25,2025,Q1,3,March,2025-03,25,2,Tuesday
2025-03-26,2025,Q1,3,March,2025-03,26,3,Wednesday
2025-03-27,2025,Q1,3,March,2025-03,27,4,Thursday
2025-03-28,2025,Q1,3,March,2025-03,28,5,Friday
2025-03-29,2025,Q1,3,March,2025-03,29,6,Saturday
2025-03-30,2025,Q1,3,March,2025-03,30,7,Sunday
2025-03-31,2025,Q1,3,March,2025-03,31,1,Monday
2025-04-01,2025,Q2,4,April,2025-04,1,2,Tuesday
2025-04-02,2025,Q2,4,April,2025-04,2,3,Wednesday
2025-04-03,2025,Q2,4,April,2025-04,3,4,Thursday
2025-04-04,2025,Q2,4,April,2025-04,4,5,Friday
2025-04-05,2025,Q2,4,April,2025-04,5,6,Saturday
2025-04-06,2025,Q2,4,April,2025-04,6,7,Sunday
2025-04-07,2025,Q2,4,April,2025-04,7,1,Monday
2025-04-08,2025,Q2,4,April,2025-04,8,2,Tuesday
2025-04-09,2025,Q2,4,April,2025-04,9,3,Wednesday
2025-04-10,2025,Q2,4,April,2025-04,10,4,Thursday
2025-04-11,2025,Q2,4,April,2025-04,11,5,Friday
2025-04-12,2025,Q2,4,April,2025-04,12,6,Saturday
2025-04-13,2025,Q2,4,April,2025-04,13,7,Sunday
2025-04-14,2025,Q2,4,April,2025-04,14,1,Monday
2025-04-15,2025,Q2,4,April,2025-04,15,2,Tuesday
2025-04-16,2025,Q2,4,April,2025-04,16,3,Wednesday
2025-04-17,2025,Q2,4,April,2025-04,17,4,Thursday
2025-04-18,2025,Q2,4,April,2025-04,18,5,Friday
2025-04-19,2025,Q2,4,April,2025-04,19,6,Saturday
2025-04-20,2025,Q2,4,April,2025-04,20,7,Sunday
2025-04-21,2025,Q2,4,April,2025-04,21,1,Monday
2025-04-22,2025,Q2,4,April,2025-04,22,2,Tuesday
2025-04-23,2025,Q2,4,April,2025-04,23,3,Wednesday
2025-04-24,2025,Q2,4,April,2025-04,24,4,Thursday
2025-04-25,2025,Q2,4,April,2025-04,25,5,Friday
2025-04-26,2025,Q2,4,April,2025-04,26,6,Saturday
2025-04-27,2025,Q2,4,April,2025-04,27,7,Sunday
2025-04-28,2025,Q2,4,April,2025-04,28,1,Monday
2025-04-29,2025,Q2,4,April,2025-04,29,2,Tuesday
2025-04-30,2025,Q2,4,April,2025-04,30,3,Wednesday
2025-05-01,2025,Q2,5,May,2025-05,1,4,Thursday
2025-05-02,2025,Q2,5,May,2025-05,2,5,Friday
2025-05-03,2025,Q2,5,May,2025-05,3,6,Saturday
2025-05-04,2025,Q2,5,May,2025-05,4,7,Sunday
2025-05-05,2025,Q2,5,May,2025-05,5,1,Monday
2025-05-06,2025,Q2,5,May,2025-05,6,2,Tuesday
2025-05-07,2025,Q2,5,May,2025-05,7,3,Wednesday
2025-05-08,2025,Q2,5,May,2025-05,8,4,Thursday
2025-05-09,2025,Q2,5,May,2025-05,9,5,Friday
2025-05-10,2025,Q2,5,May,2025-05,10,6,Saturday
2025-05-11,2025,Q2,5,May,2025-05,11,7,Sunday
2025-05-12,2025,Q2,5,May,2025-05,12,1,Monday
2025-05-13,2025,Q2,5,May,2025-05,13,2,Tuesday
2025-05-14,2025,Q2,5,May,2025-05,14,3,Wednesday
2025-05-15,2025,Q2,5,May,2025-05,15,4,Thursday
2025-05-16,2025,Q2,5,May,2025-05,16,5,Friday
2025-05-17,2025,Q2,5,May,2025-05,17,6,Saturday
2025-05-18,2025,Q2,5,May,2025-05,18,7,Sunday
2025-05-19,2025,Q2,5,May,2025-05,19,1,Monday
2025-05-20,2025,Q2,5,May,2025-05,20,2,Tuesday
2025-05-21,2025,Q2,5,May,2025-05,21,3,Wednesday
2025-05-22,2025,Q2,5,May,2025-05,22,4,Thursday
2025-05-23,2025,Q2,5,May,2025-05,23,5,Friday
2025-05-24,2025,Q2,5,May,2025-05,24,6,Saturday
2025-05-25,2025,Q2,5,May,2025-05,25,7,Sunday
2025-05-26,2025,Q2,5,May,2025-05,26,1,Monday
2025-05-27,2025,Q2,5,May,2025-05,27,2,Tuesday
2025-05-28,2025,Q2,5,May,2025-05,28,3,Wednesday
2025-05-29,2025,Q2,5,May,2025-05,29,4,Thursday
2025-05-30,2025,Q2,5,May,2025-05,30,5,Friday
2025-05-31,2025,Q2,5,May,2025-05,31,6,Saturday
2025-06-01,2025,Q2,6,June,2025-06,1,7,Sunday
2025-06-02,2025,Q2,6,June,2025-06,2,1,Monday
2025-06-03,2025,Q2,6,June,2025-06,3,2,Tuesday
2025-06-04,2025,Q2,6,June,2025-06,4,3,Wednesday
2025-06-05,2025,Q2,6,June,2025-06,5,4,Thursday
2025-06-06,2025,Q2,6,June,2025-06,6,5,Friday
2025-06-07,2025,Q2,6,June,2025-06,7,6,Saturday
2025-06-08,2025,Q2,6,June,2025-06,8,7,Sunday
2025-06-09,2025,Q2,6,June,2025-06,9,1,Monday
2025-06-10,2025,Q2,6,June,2025-06,10,2,Tuesday
2025-06-11,2025,Q2,6,June,2025-06,11,3,Wednesday
2025-06-12,2025,Q2,6,June,2025-06,12,4,Thursday
2025-06-13,2025,Q2,6,June,2025-06,13,5,Friday
2025-06-14,2025,Q2,6,June,2025-06,14,6,Saturday
2025-06-15,2025,Q2,6,June,2025-06,15,7,Sunday
2025-06-16,2025,Q2,6,June,2025-06,16,1,Monday
2025-06-17,2025,Q2,6,June,2025-06,17,2,Tuesday
2025-06-18,2025,Q2,6,June,2025-06,18,3,Wednesday
2025-06-19,2025,Q2,6,June,2025-06,19,4,Thursday
2025-06-20,2025,Q2,6,June,2025-06,20,5,Friday
2025-06-21,2025,Q2,6,June,2025-06,21,6,Saturday
2025-06-22,2025,Q2,6,June,2025-06,22,7,Sunday
2025-06-23,2025,Q2,6,June,2025-06,23,1,Monday
2025-06-24,2025,Q2,6,June,2025-06,24,2,Tuesday
2025-06-25,2025,Q2,6,June,2025-06,25,3,Wednesday
2025-06-26,2025,Q2,6,June,2025-06,26,4,Thursday
2025-06-27,2025,Q2,6,June,2025-06,27,5,Friday
2025-06-28,2025,Q2,6,June,2025-06,28,6,Saturday
2025-06-29,2025,Q2,6,June,2025-06,29,7,Sunday
2025-06-30,2025,Q2,6,June,2025-06,30,1,Monday
2025-07-01,2025,Q3,7,July,2025-07,1,2,Tuesday
2025-07-02,2025,Q3,7,July,2025-07,2,3,Wednesday
2025-07-03,2025,Q3,7,July,2025-07,3,4,Thursday
2025-07-04,2025,Q3,7,July,2025-07,4,5,Friday
2025-07-05,2025,Q3,7,July,2025-07,5,6,Saturday
2025-07-06,2025,Q3,7,July,2025-07,6,7,Sunday
2025-07-07,2025,Q3,7,July,2025-07,7,1,Monday
2025-07-08,2025,Q3,7,July,2025-07,8,2,Tuesday
2025-07-09,2025,Q3,7,July,2025-07,9,3,Wednesday
2025-07-10,2025,Q3,7,July,2025-07,10,4,Thursday
2025-07-11,2025,Q3,7,July,2025-07,11,5,Friday
2025-07-12,2025,Q3,7,July,2025-07,12,6,Saturday
2025-07-13,2025,Q3,7,July,2025-07,13,7,Sunday
2025-07-14,2025,Q3,7,July,2025-07,14,1,Monday
2025-07-15,2025,Q3,7,July,2025-07,15,2,Tuesday
2025-07-16,2025,Q3,7,July,2025-07,16,3,Wednesday
2025-07-17,2025,Q3,7,July,2025-07,17,4,Thursday
2025-07-18,2025,Q3,7,July,2025-07,18,5,Friday
2025-07-19,2025,Q3,7,July,2025-07,19,6,Saturday
2025-07-20,2025,Q3,7,July,2025-07,20,7,Sunday
2025-07-21,2025,Q3,7,July,2025-07,21,1,Monday
2025-07-22,2025,Q3,7,July,2025-07,22,2,Tuesday
2025-07-23,2025,Q3,7,July,2025-07,23,3,Wednesday
2025-07-24,2025,Q3,7,July,2025-07,24,4,Thursday
2025-07-25,2025,Q3,7,July,2025-07,25,5,Friday
2025-07-26,2025,Q3,7,July,2025-07,26,6,Saturday
2025-07-27,2025,Q3,7,July,2025-07,27,7,Sunday
2025-07-28,2025,Q3,7,July,2025-07,28,1,Monday
2025-07-29,2025,Q3,7,July,2025-07,29,2,Tuesday
2025-07-30,2025,Q3,7,July,2025-07,30,3,Wednesday
2025-07-31,2025,Q3,7,July,2025-07,31,4,Thursday
2025-08-01,2025,Q3,8,August,2025-08,1,5,Friday
2025-08-02,2025,Q3,8,August,2025-08,2,6,Saturday
2025-08-03,2025,Q3,8,August,2025-08,3,7,Sunday
2025-08-04,2025,Q3,8,August,2025-08,4,1,Monday
2025-08-05,2025,Q3,8,August,2025-08,5,2,Tuesday
2025-08-06,2025,Q3,8,August,2025-08,6,3,Wednesday
2025-08-07,2025,Q3,8,August,2025-08,7,4,Thursday
2025-08-08,2025,Q3,8,August,2025-08,8,5,Friday
2025-08-09,2025,Q3,8,August,2025-08,9,6,Saturday
2025-08-10,2025,Q3,8,August,2025-08,10,7,Sunday
2025-08-11,2025,Q3,8,August,2025-08,11,1,Monday
2025-08-12,2025,Q3,8,August,2025-08,12,2,Tuesday
2025-08-13,2025,Q3,8,August,2025-08,13,3,Wednesday
2025-08-14,2025,Q3,8,August,2025-08,14,4,Thursday
2025-08-15,2025,Q3,8,August,2025-08,15,5,Friday
2025-08-16,2025,Q3,8,August,2025-08,16,6,Saturday
2025-08-17,2025,Q3,8,August,2025-08,17,7,Sunday
2025-08-18,2025,Q3,8,August,2025-08,18,1,Monday
2025-08-19,2025,Q3,8,August,2025-08,19,2,Tuesday
2025-08-20,2025,Q3,8,August,2025-08,20,3,Wednesday
2025-08-21,2025,Q3,8,August,2025-08,21,4,Thursday
2025-08-22,2025,Q3,8,August,2025-08,22,5,Friday
2025-08-23,2025,Q3,8,August,2025-08,23,6,Saturday
2025-08-24,2025,Q3,8,August,2025-08,24,7,Sunday
2025-08-25,2025,Q3,8,August,2025-08,25,1,Monday
2025-08-26,2025,Q3,8,August,2025-08,26,2,Tuesday
2025-08-27,2025,Q3,8,August,2025-08,27,3,Wednesday
2025-08-28,2025,Q3,8,August,2025-08,28,4,Thursday
2025-08-29,2025,Q3,8,August,2025-08,29,5,Friday
2025-08-30,2025,Q3,8,August,2025-08,30,6,Saturday
2025-08-31,2025,Q3,8,August,2025-08,31,7,Sunday
2025-09-01,2025,Q3,9,September,2025-09,1,1,Monday
2025-09-02,2025,Q3,9,September,2025-09,2,2,Tuesday
2025-09-03,2025,Q3,9,September,2025-09,3,3,Wednesday
2025-09-04,2025,Q3,9,September,2025-09,4,4,Thursday
2025-09-05,2025,Q3,9,September,2025-09,5,5,Friday
2025-09-06,2025,Q3,9,September,2025-09,6,6,Saturday
2025-09-07,2025,Q3,9,September,2025-09,7,7,Sunday
2025-09-08,2025,Q3,9,September,2025-09,8,1,Monday
2025-09-09,2025,Q3,9,September,2025-09,9,2,Tuesday
2025-09-10,2025,Q3,9,September,2025-09,10,3,Wednesday
2025-09-11,2025,Q3,9,September,2025-09,11,4,Thursday
2025-09-12,2025,Q3,9,September,2025-09,12,5,Friday
2025-09-13,2025,Q3,9,September,2025-09,13,6,Saturday
2025-09-14,2025,Q3,9,September,2025-09,14,7,Sunday
2025-09-15,2025,Q3,9,September,2025-09,15,1,Monday
2025-09-16,2025,Q3,9,September,2025-09,16,2,Tuesday
2025-09-17,2025,Q3,9,September,2025-09,17,3,Wednesday
2025-09-18,2025,Q3,9,September,2025-09,18,4,Thursday
2025-09-19,2025,Q3,9,September,2025-09,19,5,Friday
2025-09-20,2025,Q3,9,September,2025-09,20,6,Saturday
2025-09-21,2025,Q3,9,September,2025-09,21,7,Sunday
2025-09-22,2025,Q3,9,September,2025-09,22,1,Monday
2025-09-23,2025,Q3,9,September,2025-09,23,2,Tuesday
2025-09-24,2025,Q3,9,September,2025-09,24,3,Wednesday
2025-09-25,2025,Q3,9,September,2025-09,25,4,Thursday
2025-09-26,2025,Q3,9,September,2025-09,26,5,Friday
2025-09-27,2025,Q3,9,September,2025-09,27,6,Saturday
2025-09-28,2025,Q3,9,September,2025-09,28,7,Sunday
2025-09-29,2025,Q3,9,September,2025-09,29,1,Monday
2025-09-30,2025,Q3,9,September,2025-09,30,2,Tuesday
2025-10-01,2025,Q4,10,October,2025-10,1,3,Wednesday
2025-10-02,2025,Q4,10,October,2025-10,2,4,Thursday
2025-10-03,2025,Q4,10,October,2025-10,3,5,Friday
2025-10-04,2025,Q4,10,October,2025-10,4,6,Saturday
2025-10-05,2025,Q4,10,October,2025-10,5,7,Sunday
2025-10-06,2025,Q4,10,October,2025-10,6,1,Monday
2025-10-07,2025,Q4,10,October,2025-10,7,2,Tuesday
2025-10-08,2025,Q4,10,October,2025-10,8,3,Wednesday
2025-10-09,2025,Q4,10,October,2025-10,9,4,Thursday
2025-10-10,2025,Q4,10,October,2025-10,10,5,Friday
2025-10-11,2025,Q4,10,October,2025-10,11,6,Saturday
2025-10-12,2025,Q4,10,October,2025-10,12,7,Sunday
2025-10-13,2025,Q4,10,October,2025-10,13,1,Monday
2025-10-14,2025,Q4,10,October,2025-10,14,2,Tuesday
2025-10-15,2025,Q4,10,October,2025-10,15,3,Wednesday
2025-10-16,2025,Q4,10,October,2025-10,16,4,Thursday
2025-10-17,2025,Q4,10,October,2025-10,17,5,Friday
2025-10-18,2025,Q4,10,October,2025-10,18,6,Saturday
2025-10-19,2025,Q4,10,October,2025-10,19,7,Sunday
2025-10-20,2025,Q4,10,October,2025-10,20,1,Monday
2025-10-21,2025,Q4,10,October,2025-10,21,2,Tuesday
2025-10-22,2025,Q4,10,October,2025-10,22,3,Wednesday
2025-10-23,2025,Q4,10,October,2025-10,23,4,Thursday
2025-10-24,2025,Q4,10,October,2025-10,24,5,Friday
2025-10-25,2025,Q4,10,October,2025-10,25,6,Saturday
2025-10-26,2025,Q4,10,October,2025-10,26,7,Sunday
2025-10-27,2025,Q4,10,October,2025-10,27,1,Monday
2025-10-28,2025,Q4,10,October,2025-10,28,2,Tuesday
2025-10-29,2025,Q4,10,October,2025-10,29,3,Wednesday
2025-10-30,2025,Q4,10,October,2025-10,30,4,Thursday
2025-10-31,2025,Q4,10,October,2025-10,31,5,Friday
2025-11-01,2025,Q4,11,November,2025-11,1,6,Saturday
2025-11-02,2025,Q4,11,November,2025-11,2,7,Sunday
2025-11-03,2025,Q4,11,November,2025-11,3,1,Monday
2025-11-04,2025,Q4,11,November,2025-11,4,2,Tuesday
2025-11-05,2025,Q4,11,November,2025-11,5,3,Wednesday
2025-11-06,2025,Q4,11,November,2025-11,6,4,Thursday
2025-11-07,2025,Q4,11,November,2025-11,7,5,Friday
2025-11-08,2025,Q4,11,November,2025-11,8,6,Saturday
2025-11-09,2025,Q4,11,November,2025-11,9,7,Sunday
2025-11-10,2025,Q4,11,November,2025-11,10,1,Monday
2025-11-11,2025,Q4,11,November,2025-11,11,2,Tuesday
2025-11-12,2025,Q4,11,November,2025-11,12,3,Wednesday
2025-11-13,2025,Q4,11,November,2025-11,13,4,Thursday
2025-11-14,2025,Q4,11,November,2025-11,14,5,Friday
2025-11-15,2025,Q4,11,November,2025-11,15,6,Saturday
2025-11-16,2025,Q4,11,November,2025-11,16,7,Sunday
2025-11-17,2025,Q4,11,November,2025-11,17,1,Monday
2025-11-18,2025,Q4,11,November,2025-11,18,2,Tuesday
2025-11-19,2025,Q4,11,November,2025-11,19,3,Wednesday
2025-11-20,2025,Q4,11,November,2025-11,20,4,Thursday
2025-11-21,2025,Q4,11,November,2025-11,21,5,Friday
2025-11-22,2025,Q4,11,November,2025-11,22,6,Saturday
2025-11-23,2025,Q4,11,November,2025-11,23,7,Sunday
2025-11-24,2025,Q4,11,November,2025-11,24,1,Monday
2025-11-25,2025,Q4,11,November,2025-11,25,2,Tuesday
2025-11-26,2025,Q4,11,November,2025-11,26,3,Wednesday
2025-11-27,2025,Q4,11,November,2025-11,27,4,Thursday
2025-11-28,2025,Q4,11,November,2025-11,28,5,Friday
2025-11-29,2025,Q4,11,November,2025-11,29,6,Saturday
2025-11-30,2025,Q4,11,November,2025-11,30,7,Sunday
2025-12-01,2025,Q4,12,December,2025-12,1,1,Monday
2025-12-02,2025,Q4,12,December,2025-12,2,2,Tuesday
2025-12-03,2025,Q4,12,December,2025-12,3,3,Wednesday
2025-12-04,2025,Q4,12,December,2025-12,4,4,Thursday
2025-12-05,2025,Q4,12,December,2025-12,5,5,Friday
2025-12-06,2025,Q4,12,December,2025-12,6,6,Saturday
2025-12-07,2025,Q4,12,December,2025-12,7,7,Sunday
2025-12-08,2025,Q4,12,December,2025-12,8,1,Monday
2025-12-09,2025,Q4,12,December,2025-12,9,2,Tuesday
2025-12-10,2025,Q4,12,December,2025-12,10,3,Wednesday
2025-12-11,2025,Q4,12,December,2025-12,11,4,Thursday
2025-12-12,2025,Q4,12,December,2025-12,12,5,Friday
2025-12-13,2025,Q4,12,December,2025-12,13,6,Saturday
2025-12-14,2025,Q4,12,December,2025-12,14,7,Sunday
2025-12-15,2025,Q4,12,December,2025-12,15,1,Monday
2025-12-16,2025,Q4,12,December,2025-12,16,2,Tuesday
2025-12-17,2025,Q4,12,December,2025-12,17,3,Wednesday
2025-12-18,2025,Q4,12,December,2025-12,18,4,Thursday
2025-12-19,2025,Q4,12,December,2025-12,19,5,Friday
2025-12-20,2025,Q4,12,December,2025-12,20,6,Saturday
2025-12-21,2025,Q4,12,December,2025-12,21,7,Sunday
2025-12-22,2025,Q4,12,December,2025-12,22,1,Monday
