SalesId,InvoiceId,InvoiceDate,CustomerId,ProductId,UnitPrice,Quantity,LineTotal
1,1,2021-01-01,2,2,0.99,1,0.99
2,1,2021-01-01,2,4,0.99,1,0.99
3,2,2021-01-02,4,6,0.99,1,0.99
4,2,2021-01-02,4,8,0.99,1,0.99
5,2,2021-01-02,4,10,0.99,1,0.99
6,2,2021-01-02,4,12,0.99,1,0.99
7,3,2021-01-03,8,16,0.99,1,0.99
8,3,2021-01-03,8,20,0.99,1,0.99
9,3,2021-01-03,8,24,0.99,1,0.99
10,3,2021-01-03,8,28,0.99,1,0.99
11,3,2021-01-03,8,32,0.99,1,0.99
12,3,2021-01-03,8,36,0.99,1,0.99
13,4,2021-01-06,14,42,0.99,1,0.99
14,4,2021-01-06,14,48,0.99,1,0.99
15,4,2021-01-06,14,54,0.99,1,0.99
16,4,2021-01-06,14,60,0.99,1,0.99
17,4,2021-01-06,14,66,0.99,1,0.99
18,4,2021-01-06,14,72,0.99,1,0.99
19,4,2021-01-06,14,78,0.99,1,0.99
20,4,2021-01-06,14,84,0.99,1,0.99
21,4,2021-01-06,14,90,0.99,1,0.99
22,5,2021-01-11,23,99,0.99,1,0.99
23,5,2021-01-11,23,108,0.99,1,0.99
24,5,2021-01-11,23,117,0.99,1,0.99
25,5,2021-01-11,23,126,0.99,1,0.99
26,5,2021-01-11,23,135,0.99,1,0.99
27,5,2021-01-11,23,144,0.99,1,0.99
28,5,2021-01-11,23,153,0.99,1,0.99
29,5,2021-01-11,23,162,0.99,1,0.99
30,5,2021-01-11,23,171,0.99,1,0.99
31,5,2021-01-11,23,180,0.99,1,0.99
32,5,2021-01-11,23,189,0.99,1,0.99
33,5,2021-01-11,23,198,0.99,1,0.99
34,5,2021-01-11,23,207,0.99,1,0.99
35,5,2021-01-11,23,216,0.99,1,0.99
36,6,2021-01-19,37,230,0.99,1,0.99
37,7,2021-02-01,38,231,0.99,1,0.99
38,7,2021-02-01,38,232,0.99,1,0.99
39,8,2021-02-01,40,234,0.99,1,0.99
40,8,2021-02-01,40,236,0.99,1,0.99
41,9,2021-02-02,42,238,0.99,1,0.99
42,9,2021-02-02,42,240,0.99,1,0.99
43,9,2021-02-02,42,242,0.99,1,0.99
44,9,2021-02-02,42,244,0.99,1,0.99
45,10,2021-02-03,46,248,0.99,1,0.99
46,10,2021-02-03,46,252,0.99,1,0.99
47,10,2021-02-03,46,256,0.99,1,0.99
48,10,2021-02-03,46,260,0.99,1,0.99
49,10,2021-02-03,46,264,0.99,1,0.99
50,10,2021-02-03,46,268,0.99,1,0.99
51,11,2021-02-06,52,274,0.99,1,0.99
52,11,2021-02-06,52,280,0.99,1,0.99
53,11,2021-02-06,52,286,0.99,1,0.99
54,11,2021-02-06,52,292,0.99,1,0.99
55,11,2021-02-06,52,298,0.99,1,0.99
56,11,2021-02-06,52,304,0.99,1,0.99
57,11,2021-02-06,52,310,0.99,1,0.99
58,11,2021-02-06,52,316,0.99,1,0.99
59,11,2021-02-06,52,322,0.99,1,0.99
60,12,2021-02-11,2,331,0.99,1,0.99
61,12,2021-02-11,2,340,0.99,1,0.99
62,12,2021-02-11,2,349,0.99,1,0.99
63,12,2021-02-11,2,358,0.99,1,0.99
64,12,2021-02-11,2,367,0.99,1,0.99
65,12,2021-02-11,2,376,0.99,1,0.99
66,12,2021-02-11,2,385,0.99,1,0.99
67,12,2021-02-11,2,394,0.99,1,0.99
68,12,2021-02-11,2,403,0.99,1,0.99
69,12,2021-02-11,2,412,0.99,1,0.99
70,12,2021-02-11,2,421,0.99,1,0.99
71,12,2021-02-11,2,430,0.99,1,0.99
72,12,2021-02-11,2,439,0.99,1,0.99
73,12,2021-02-11,2,448,0.99,1,0.99
74,13,2021-02-19,16,462,0.99,1,0.99
75,14,2021-03-04,17,463,0.99,1,0.99
76,14,2021-03-04,17,464,0.99,1,0.99
77,15,2021-03-04,19,466,0.99,1,0.99
78,15,2021-03-04,19,468,0.99,1,0.99
79,16,2021-03-05,21,470,0.99,1,0.99
80,16,2021-03-05,21,472,0.99,1,0.99
81,16,2021-03-05,21,474,0.99,1,0.99
82,16,2021-03-05,21,476,0.99,1,0.99
83,17,2021-03-06,25,480,0.99,1,0.99
84,17,2021-03-06,25,484,0.99,1,0.99
85,17,2021-03-06,25,488,0.99,1,0.99
86,17,2021-03-06,25,492,0.99,1,0.99
87,17,2021-03-06,25,496,0.99,1,0.99
88,17,2021-03-06,25,500,0.99,1,0.99
89,18,2021-03-09,31,506,0.99,1,0.99
90,18,2021-03-09,31,512,0.99,1,0.99
91,18,2021-03-09,31,518,0.99,1,0.99
92,18,2021-03-09,31,524,0.99,1,0.99
93,18,2021-03-09,31,530,0.99,1,0.99
94,18,2021-03-09,31,536,0.99,1,0.99
95,18,2021-03-09,31,542,0.99,1,0.99
96,18,2021-03-09,31,548,0.99,1,0.99
97,18,2021-03-09,31,554,0.99,1,0.99
98,19,2021-03-14,40,563,0.99,1,0.99
99,19,2021-03-14,40,572,0.99,1,0.99
100,19,2021-03-14,40,581,0.99,1,0.99
101,19,2021-03-14,40,590,0.99,1,0.99
102,19,2021-03-14,40,599,0.99,1,0.99
103,19,2021-03-14,40,608,0.99,1,0.99
104,19,2021-03-14,40,617,0.99,1,0.99
105,19,2021-03-14,40,626,0.99,1,0.99
106,19,2021-03-14,40,635,0.99,1,0.99
107,19,2021-03-14,40,644,0.99,1,0.99
108,19,2021-03-14,40,653,0.99,1,0.99
109,19,2021-03-14,40,662,0.99,1,0.99
110,19,2021-03-14,40,671,0.99,1,0.99
111,19,2021-03-14,40,680,0.99,1,0.99
112,20,2021-03-22,54,694,0.99,1,0.99
113,21,2021-04-04,55,695,0.99,1,0.99
114,21,2021-04-04,55,696,0.99,1,0.99
115,22,2021-04-04,57,698,0.99,1,0.99
116,22,2021-04-04,57,700,0.99,1,0.99
117,23,2021-04-05,59,702,0.99,1,0.99
118,23,2021-04-05,59,704,0.99,1,0.99
119,23,2021-04-05,59,706,0.99,1,0.99
120,23,2021-04-05,59,708,0.99,1,0.99
121,24,2021-04-06,4,712,0.99,1,0.99
122,24,2021-04-06,4,716,0.99,1,0.99
123,24,2021-04-06,4,720,0.99,1,0.99
124,24,2021-04-06,4,724,0.99,1,0.99
125,24,2021-04-06,4,728,0.99,1,0.99
126,24,2021-04-06,4,732,0.99,1,0.99
127,25,2021-04-09,10,738,0.99,1,0.99
128,25,2021-04-09,10,744,0.99,1,0.99
129,25,2021-04-09,10,750,0.99,1,0.99
130,25,2021-04-09,10,756,0.99,1,0.99
131,25,2021-04-09,10,762,0.99,1,0.99
132,25,2021-04-09,10,768,0.99,1,0.99
133,25,2021-04-09,10,774,0.99,1,0.99
134,25,2021-04-09,10,780,0.99,1,0.99
135,25,2021-04-09,10,786,0.99,1,0.99
136,26,2021-04-14,19,795,0.99,1,0.99
137,26,2021-04-14,19,804,0.99,1,0.99
138,26,2021-04-14,19,813,0.99,1,0.99
139,26,2021-04-14,19,822,0.99,1,0.99
140,26,2021-04-14,19,831,0.99,1,0.99
141,26,2021-04-14,19,840,0.99,1,0.99
142,26,2021-04-14,19,849,0.99,1,0.99
143,26,2021-04-14,19,858,0.99,1,0.99
144,26,2021-04-14,19,867,0.99,1,0.99
145,26,2021-04-14,19,876,0.99,1,0.99
146,26,2021-04-14,19,885,0.99,1,0.99
147,26,2021-04-14,19,894,0.99,1,0.99
148,26,2021-04-14,19,903,0.99,1,0.99
149,26,2021-04-14,19,912,0.99,1,0.99
150,27,2021-04-22,33,926,0.99,1,0.99
151,28,2021-05-05,34,927,0.99,1,0.99
152,28,2021-05-05,34,928,0.99,1,0.99
153,29,2021-05-05,36,930,0.99,1,0.99
154,29,2021-05-05,36,932,0.99,1,0.99
155,30,2021-05-06,38,934,0.99,1,0.99
156,30,2021-05-06,38,936,0.99,1,0.99
157,30,2021-05-06,38,938,0.99,1,0.99
158,30,2021-05-06,38,940,0.99,1,0.99
159,31,2021-05-07,42,944,0.99,1,0.99
160,31,2021-05-07,42,948,0.99,1,0.99
161,31,2021-05-07,42,952,0.99,1,0.99
162,31,2021-05-07,42,956,0.99,1,0.99
163,31,2021-05-07,42,960,0.99,1,0.99
164,31,2021-05-07,42,964,0.99,1,0.99
165,32,2021-05-10,48,970,0.99,1,0.99
166,32,2021-05-10,48,976,0.99,1,0.99
167,32,2021-05-10,48,982,0.99,1,0.99
168,32,2021-05-10,48,988,0.99,1,0.99
169,32,2021-05-10,48,994,0.99,1,0.99
170,32,2021-05-10,48,1000,0.99,1,0.99
171,32,2021-05-10,48,1006,0.99,1,0.99
172,32,2021-05-10,48,1012,0.99,1,0.99
173,32,2021-05-10,48,1018,0.99,1,0.99
174,33,2021-05-15,57,1027,0.99,1,0.99
175,33,2021-05-15,57,1036,0.99,1,0.99
176,33,2021-05-15,57,1045,0.99,1,0.99
177,33,2021-05-15,57,1054,0.99,1,0.99
178,33,2021-05-15,57,1063,0.99,1,0.99
179,33,2021-05-15,57,1072,0.99,1,0.99
180,33,2021-05-15,57,1081,0.99,1,0.99
181,33,2021-05-15,57,1090,0.99,1,0.99
182,33,2021-05-15,57,1099,0.99,1,0.99
183,33,2021-05-15,57,1108,0.99,1,0.99
184,33,2021-05-15,57,1117,0.99,1,0.99
185,33,2021-05-15,57,1126,0.99,1,0.99
186,33,2021-05-15,57,1135,0.99,1,0.99
187,33,2021-05-15,57,1144,0.99,1,0.99
188,34,2021-05-23,12,1158,0.99,1,0.99
189,35,2021-06-05,13,1159,0.99,1,0.99
190,35,2021-06-05,13,1160,0.99,1,0.99
191,36,2021-06-05,15,1162,0.99,1,0.99
192,36,2021-06-05,15,1164,0.99,1,0.99
193,37,2021-06-06,17,1166,0.99,1,0.99
194,37,2021-06-06,17,1168,0.99,1,0.99
195,37,2021-06-06,17,1170,0.99,1,0.99
196,37,2021-06-06,17,1172,0.99,1,0.99
197,38,2021-06-07,21,1176,0.99,1,0.99
198,38,2021-06-07,21,1180,0.99,1,0.99
199,38,2021-06-07,21,1184,0.99,1,0.99
200,38,2021-06-07,21,1188,0.99,1,0.99
201,38,2021-06-07,21,1192,0.99,1,0.99
202,38,2021-06-07,21,1196,0.99,1,0.99
203,39,2021-06-10,27,1202,0.99,1,0.99
204,39,2021-06-10,27,1208,0.99,1,0.99
205,39,2021-06-10,27,1214,0.99,1,0.99
206,39,2021-06-10,27,1220,0.99,1,0.99
207,39,2021-06-10,27,1226,0.99,1,0.99
208,39,2021-06-10,27,1232,0.99,1,0.99
209,39,2021-06-10,27,1238,0.99,1,0.99
210,39,2021-06-10,27,1244,0.99,1,0.99
211,39,2021-06-10,27,1250,0.99,1,0.99
212,40,2021-06-15,36,1259,0.99,1,0.99
213,40,2021-06-15,36,1268,0.99,1,0.99
214,40,2021-06-15,36,1277,0.99,1,0.99
215,40,2021-06-15,36,1286,0.99,1,0.99
216,40,2021-06-15,36,1295,0.99,1,0.99
217,40,2021-06-15,36,1304,0.99,1,0.99
218,40,2021-06-15,36,1313,0.99,1,0.99
219,40,2021-06-15,36,1322,0.99,1,0.99
220,40,2021-06-15,36,1331,0.99,1,0.99
221,40,2021-06-15,36,1340,0.99,1,0.99
222,40,2021-06-15,36,1349,0.99,1,0.99
223,40,2021-06-15,36,1358,0.99,1,0.99
224,40,2021-06-15,36,1367,0.99,1,0.99
225,40,2021-06-15,36,1376,0.99,1,0.99
226,41,2021-06-23,50,1390,0.99,1,0.99
227,42,2021-07-06,51,1391,0.99,1,0.99
228,42,2021-07-06,51,1392,0.99,1,0.99
229,43,2021-07-06,53,1394,0.99,1,0.99
230,43,2021-07-06,53,1396,0.99,1,0.99
231,44,2021-07-07,55,1398,0.99,1,0.99
232,44,2021-07-07,55,1400,0.99,1,0.99
233,44,2021-07-07,55,1402,0.99,1,0.99
234,44,2021-07-07,55,1404,0.99,1,0.99
235,45,2021-07-08,59,1408,0.99,1,0.99
236,45,2021-07-08,59,1412,0.99,1,0.99
237,45,2021-07-08,59,1416,0.99,1,0.99
238,45,2021-07-08,59,1420,0.99,1,0.99
239,45,2021-07-08,59,1424,0.99,1,0.99
240,45,2021-07-08,59,1428,0.99,1,0.99
241,46,2021-07-11,6,1434,0.99,1,0.99
242,46,2021-07-11,6,1440,0.99,1,0.99
243,46,2021-07-11,6,1446,0.99,1,0.99
244,46,2021-07-11,6,1452,0.99,1,0.99
245,46,2021-07-11,6,1458,0.99,1,0.99
246,46,2021-07-11,6,1464,0.99,1,0.99
247,46,2021-07-11,6,1470,0.99,1,0.99
248,46,2021-07-11,6,1476,0.99,1,0.99
249,46,2021-07-11,6,1482,0.99,1,0.99
250,47,2021-07-16,15,1491,0.99,1,0.99
251,47,2021-07-16,15,1500,0.99,1,0.99
252,47,2021-07-16,15,1509,0.99,1,0.99
253,47,2021-07-16,15,1518,0.99,1,0.99
254,47,2021-07-16,15,1527,0.99,1,0.99
255,47,2021-07-16,15,1536,0.99,1,0.99
256,47,2021-07-16,15,1545,0.99,1,0.99
257,47,2021-07-16,15,1554,0.99,1,0.99
258,47,2021-07-16,15,1563,0.99,1,0.99
259,47,2021-07-16,15,1572,0.99,1,0.99
260,47,2021-07-16,15,1581,0.99,1,0.99
261,47,2021-07-16,15,1590,0.99,1,0.99
262,47,2021-07-16,15,1599,0.99,1,0.99
263,47,2021-07-16,15,1608,0.99,1,0.99
264,48,2021-07-24,29,1622,0.99,1,0.99
265,49,2021-08-06,30,1623,0.99,1,0.99
266,49,2021-08-06,30,1624,0.99,1,0.99
267,50,2021-08-06,32,1626,0.99,1,0.99
268,50,2021-08-06,32,1628,0.99,1,0.99
269,51,2021-08-07,34,1630,0.99,1,0.99
270,51,2021-08-07,34,1632,0.99,1,0.99
271,51,2021-08-07,34,1634,0.99,1,0.99
272,51,2021-08-07,34,1636,0.99,1,0.99
273,52,2021-08-08,38,1640,0.99,1,0.99
274,52,2021-08-08,38,1644,0.99,1,0.99
275,52,2021-08-08,38,1648,0.99,1,0.99
276,52,2021-08-08,38,1652,0.99,1,0.99
277,52,2021-08-08,38,1656,0.99,1,0.99
278,52,2021-08-08,38,1660,0.99,1,0.99
279,53,2021-08-11,44,1666,0.99,1,0.99
280,53,2021-08-11,44,1672,0.99,1,0.99
281,53,2021-08-11,44,1678,0.99,1,0.99
282,53,2021-08-11,44,1684,0.99,1,0.99
283,53,2021-08-11,44,1690,0.99,1,0.99
284,53,2021-08-11,44,1696,0.99,1,0.99
285,53,2021-08-11,44,1702,0.99,1,0.99
286,53,2021-08-11,44,1708,0.99,1,0.99
287,53,2021-08-11,44,1714,0.99,1,0.99
288,54,2021-08-16,53,1723,0.99,1,0.99
289,54,2021-08-16,53,1732,0.99,1,0.99
290,54,2021-08-16,53,1741,0.99,1,0.99
291,54,2021-08-16,53,1750,0.99,1,0.99
292,54,2021-08-16,53,1759,0.99,1,0.99
293,54,2021-08-16,53,1768,0.99,1,0.99
294,54,2021-08-16,53,1777,0.99,1,0.99
295,54,2021-08-16,53,1786,0.99,1,0.99
296,54,2021-08-16,53,1795,0.99,1,0.99
297,54,2021-08-16,53,1804,0.99,1,0.99
298,54,2021-08-16,53,1813,0.99,1,0.99
299,54,2021-08-16,53,1822,0.99,1,0.99
300,54,2021-08-16,53,1831,0.99,1,0.99
301,54,2021-08-16,53,1840,0.99,1,0.99
302,55,2021-08-24,8,1854,0.99,1,0.99
303,56,2021-09-06,9,1855,0.99,1,0.99
304,56,2021-09-06,9,1856,0.99,1,0.99
305,57,2021-09-06,11,1858,0.99,1,0.99
306,57,2021-09-06,11,1860,0.99,1,0.99
307,58,2021-09-07,13,1862,0.99,1,0.99
308,58,2021-09-07,13,1864,0.99,1,0.99
309,58,2021-09-07,13,1866,0.99,1,0.99
310,58,2021-09-07,13,1868,0.99,1,0.99
311,59,2021-09-08,17,1872,0.99,1,0.99
312,59,2021-09-08,17,1876,0.99,1,0.99
313,59,2021-09-08,17,1880,0.99,1,0.99
314,59,2021-09-08,17,1884,0.99,1,0.99
315,59,2021-09-08,17,1888,0.99,1,0.99
316,59,2021-09-08,17,1892,0.99,1,0.99
317,60,2021-09-11,23,1898,0.99,1,0.99
318,60,2021-09-11,23,1904,0.99,1,0.99
319,60,2021-09-11,23,1910,0.99,1,0.99
320,60,2021-09-11,23,1916,0.99,1,0.99
321,60,2021-09-11,23,1922,0.99,1,0.99
322,60,2021-09-11,23,1928,0.99,1,0.99
323,60,2021-09-11,23,1934,0.99,1,0.99
324,60,2021-09-11,23,1940,0.99,1,0.99
325,60,2021-09-11,23,1946,0.99,1,0.99
326,61,2021-09-16,32,1955,0.99,1,0.99
327,61,2021-09-16,32,1964,0.99,1,0.99
328,61,2021-09-16,32,1973,0.99,1,0.99
329,61,2021-09-16,32,1982,0.99,1,0.99
330,61,2021-09-16,32,1991,0.99,1,0.99
331,61,2021-09-16,32,2000,0.99,1,0.99
332,61,2021-09-16,32,2009,0.99,1,0.99
333,61,2021-09-16,32,2018,0.99,1,0.99
334,61,2021-09-16,32,2027,0.99,1,0.99
335,61,2021-09-16,32,2036,0.99,1,0.99
336,61,2021-09-16,32,2045,0.99,1,0.99
337,61,2021-09-16,32,2054,0.99,1,0.99
338,61,2021-09-16,32,2063,0.99,1,0.99
339,61,2021-09-16,32,2072,0.99,1,0.99
340,62,2021-09-24,46,2086,0.99,1,0.99
341,63,2021-10-07,47,2087,0.99,1,0.99
342,63,2021-10-07,47,2088,0.99,1,0.99
343,64,2021-10-07,49,2090,0.99,1,0.99
344,64,2021-10-07,49,2092,0.99,1,0.99
345,65,2021-10-08,51,2094,0.99,1,0.99
346,65,2021-10-08,51,2096,0.99,1,0.99
347,65,2021-10-08,51,2098,0.99,1,0.99
348,65,2021-10-08,51,2100,0.99,1,0.99
349,66,2021-10-09,55,2104,0.99,1,0.99
350,66,2021-10-09,55,2108,0.99,1,0.99
351,66,2021-10-09,55,2112,0.99,1,0.99
352,66,2021-10-09,55,2116,0.99,1,0.99
353,66,2021-10-09,55,2120,0.99,1,0.99
354,66,2021-10-09,55,2124,0.99,1,0.99
355,67,2021-10-12,2,2130,0.99,1,0.99
356,67,2021-10-12,2,2136,0.99,1,0.99
357,67,2021-10-12,2,2142,0.99,1,0.99
358,67,2021-10-12,2,2148,0.99,1,0.99
359,67,2021-10-12,2,2154,0.99,1,0.99
360,67,2021-10-12,2,2160,0.99,1,0.99
361,67,2021-10-12,2,2166,0.99,1,0.99
362,67,2021-10-12,2,2172,0.99,1,0.99
363,67,2021-10-12,2,2178,0.99,1,0.99
364,68,2021-10-17,11,2187,0.99,1,0.99
365,68,2021-10-17,11,2196,0.99,1,0.99
366,68,2021-10-17,11,2205,0.99,1,0.99
367,68,2021-10-17,11,2214,0.99,1,0.99
368,68,2021-10-17,11,2223,0.99,1,0.99
369,68,2021-10-17,11,2232,0.99,1,0.99
370,68,2021-10-17,11,2241,0.99,1,0.99
371,68,2021-10-17,11,2250,0.99,1,0.99
372,68,2021-10-17,11,2259,0.99,1,0.99
373,68,2021-10-17,11,2268,0.99,1,0.99
374,68,2021-10-17,11,2277,0.99,1,0.99
375,68,2021-10-17,11,2286,0.99,1,0.99
376,68,2021-10-17,11,2295,0.99,1,0.99
377,68,2021-10-17,11,2304,0.99,1,0.99
378,69,2021-10-25,25,2318,0.99,1,0.99
379,70,2021-11-07,26,2319,0.99,1,0.99
380,70,2021-11-07,26,2320,0.99,1,0.99
381,71,2021-11-07,28,2322,0.99,1,0.99
382,71,2021-11-07,28,2324,0.99,1,0.99
383,72,2021-11-08,30,2326,0.99,1,0.99
384,72,2021-11-08,30,2328,0.99,1,0.99
385,72,2021-11-08,30,2330,0.99,1,0.99
386,72,2021-11-08,30,2332,0.99,1,0.99
387,73,2021-11-09,34,2336,0.99,1,0.99
388,73,2021-11-09,34,2340,0.99,1,0.99
389,73,2021-11-09,34,2344,0.99,1,0.99
390,73,2021-11-09,34,2348,0.99,1,0.99
391,73,2021-11-09,34,2352,0.99,1,0.99
392,73,2021-11-09,34,2356,0.99,1,0.99
393,74,2021-11-12,40,2362,0.99,1,0.99
394,74,2021-11-12,40,2368,0.99,1,0.99
395,74,2021-11-12,40,2374,0.99,1,0.99
396,74,2021-11-12,40,2380,0.99,1,0.99
397,74,2021-11-12,40,2386,0.99,1,0.99
398,74,2021-11-12,40,2392,0.99,1,0.99
399,74,2021-11-12,40,2398,0.99,1,0.99
400,74,2021-11-12,40,2404,0.99,1,0.99
401,74,2021-11-12,40,2410,0.99,1,0.99
402,75,2021-11-17,49,2419,0.99,1,0.99
403,75,2021-11-17,49,2428,0.99,1,0.99
404,75,2021-11-17,49,2437,0.99,1,0.99
405,75,2021-11-17,49,2446,0.99,1,0.99
406,75,2021-11-17,49,2455,0.99,1,0.99
407,75,2021-11-17,49,2464,0.99,1,0.99
408,75,2021-11-17,49,2473,0.99,1,0.99
409,75,2021-11-17,49,2482,0.99,1,0.99
410,75,2021-11-17,49,2491,0.99,1,0.99
411,75,2021-11-17,49,2500,0.99,1,0.99
412,75,2021-11-17,49,2509,0.99,1,0.99
413,75,2021-11-17,49,2518,0.99,1,0.99
414,75,2021-11-17,49,2527,0.99,1,0.99
415,75,2021-11-17,49,2536,0.99,1,0.99
416,76,2021-11-25,4,2550,0.99,1,0.99
417,77,2021-12-08,5,2551,0.99,1,0.99
418,77,2021-12-08,5,2552,0.99,1,0.99
419,78,2021-12-08,7,2554,0.99,1,0.99
420,78,2021-12-08,7,2556,0.99,1,0.99
421,79,2021-12-09,9,2558,0.99,1,0.99
422,79,2021-12-09,9,2560,0.99,1,0.99
423,79,2021-12-09,9,2562,0.99,1,0.99
424,79,2021-12-09,9,2564,0.99,1,0.99
425,80,2021-12-10,13,2568,0.99,1,0.99
426,80,2021-12-10,13,2572,0.99,1,0.99
427,80,2021-12-10,13,2576,0.99,1,0.99
428,80,2021-12-10,13,2580,0.99,1,0.99
429,80,2021-12-10,13,2584,0.99,1,0.99
430,80,2021-12-10,13,2588,0.99,1,0.99
431,81,2021-12-13,19,2594,0.99,1,0.99
432,81,2021-12-13,19,2600,0.99,1,0.99
433,81,2021-12-13,19,2606,0.99,1,0.99
434,81,2021-12-13,19,2612,0.99,1,0.99
435,81,2021-12-13,19,2618,0.99,1,0.99
436,81,2021-12-13,19,2624,0.99,1,0.99
437,81,2021-12-13,19,2630,0.99,1,0.99
438,81,2021-12-13,19,2636,0.99,1,0.99
439,81,2021-12-13,19,2642,0.99,1,0.99
440,82,2021-12-18,28,2651,0.99,1,0.99
441,82,2021-12-18,28,2660,0.99,1,0.99
442,82,2021-12-18,28,2669,0.99,1,0.99
443,82,2021-12-18,28,2678,0.99,1,0.99
444,82,2021-12-18,28,2687,0.99,1,0.99
445,82,2021-12-18,28,2696,0.99,1,0.99
446,82,2021-12-18,28,2705,0.99,1,0.99
447,82,2021-12-18,28,2714,0.99,1,0.99
448,82,2021-12-18,28,2723,0.99,1,0.99
449,82,2021-12-18,28,2732,0.99,1,0.99
450,82,2021-12-18,28,2741,0.99,1,0.99
451,82,2021-12-18,28,2750,0.99,1,0.99
452,82,2021-12-18,28,2759,0.99,1,0.99
453,82,2021-12-18,28,2768,0.99,1,0.99
454,83,2021-12-26,42,2782,0.99,1,0.99
455,84,2022-01-08,43,2783,0.99,1,0.99
456,84,2022-01-08,43,2784,0.99,1,0.99
457,85,2022-01-08,45,2786,0.99,1,0.99
458,85,2022-01-08,45,2788,0.99,1,0.99
459,86,2022-01-09,47,2790,0.99,1,0.99
460,86,2022-01-09,47,2792,0.99,1,0.99
461,86,2022-01-09,47,2794,0.99,1,0.99
462,86,2022-01-09,47,2796,0.99,1,0.99
463,87,2022-01-10,51,2800,0.99,1,0.99
464,87,2022-01-10,51,2804,0.99,1,0.99
465,87,2022-01-10,51,2808,0.99,1,0.99
466,87,2022-01-10,51,2812,0.99,1,0.99
467,87,2022-01-10,51,2816,0.99,1,0.99
468,87,2022-01-10,51,2820,1.99,1,1.99
469,88,2022-01-13,57,2826,1.99,1,1.99
470,88,2022-01-13,57,2832,1.99,1,1.99
471,88,2022-01-13,57,2838,1.99,1,1.99
472,88,2022-01-13,57,2844,1.99,1,1.99
473,88,2022-01-13,57,2850,1.99,1,1.99
474,88,2022-01-13,57,2856,1.99,1,1.99
475,88,2022-01-13,57,2862,1.99,1,1.99
476,88,2022-01-13,57,2868,1.99,1,1.99
477,88,2022-01-13,57,2874,1.99,1,1.99
478,89,2022-01-18,7,2883,1.99,1,1.99
479,89,2022-01-18,7,2892,1.99,1,1.99
480,89,2022-01-18,7,2901,1.99,1,1.99
481,89,2022-01-18,7,2910,1.99,1,1.99
482,89,2022-01-18,7,2919,1.99,1,1.99
483,89,2022-01-18,7,2928,0.99,1,0.99
484,89,2022-01-18,7,2937,0.99,1,0.99
485,89,2022-01-18,7,2946,0.99,1,0.99
486,89,2022-01-18,7,2955,0.99,1,0.99
487,89,2022-01-18,7,2964,0.99,1,0.99
488,89,2022-01-18,7,2973,0.99,1,0.99
489,89,2022-01-18,7,2982,0.99,1,0.99
490,89,2022-01-18,7,2991,0.99,1,0.99
491,89,2022-01-18,7,3000,0.99,1,0.99
492,90,2022-01-26,21,3014,0.99,1,0.99
493,91,2022-02-08,22,3015,0.99,1,0.99
494,91,2022-02-08,22,3016,0.99,1,0.99
495,92,2022-02-08,24,3018,0.99,1,0.99
496,92,2022-02-08,24,3020,0.99,1,0.99
497,93,2022-02-09,26,3022,0.99,1,0.99
498,93,2022-02-09,26,3024,0.99,1,0.99
499,93,2022-02-09,26,3026,0.99,1,0.99
500,93,2022-02-09,26,3028,0.99,1,0.99
501,94,2022-02-10,30,3032,0.99,1,0.99
502,94,2022-02-10,30,3036,0.99,1,0.99
503,94,2022-02-10,30,3040,0.99,1,0.99
504,94,2022-02-10,30,3044,0.99,1,0.99
505,94,2022-02-10,30,3048,0.99,1,0.99
506,94,2022-02-10,30,3052,0.99,1,0.99
507,95,2022-02-13,36,3058,0.99,1,0.99
508,95,2022-02-13,36,3064,0.99,1,0.99
509,95,2022-02-13,36,3070,0.99,1,0.99
510,95,2022-02-13,36,3076,0.99,1,0.99
511,95,2022-02-13,36,3082,0.99,1,0.99
512,95,2022-02-13,36,3088,0.99,1,0.99
513,95,2022-02-13,36,3094,0.99,1,0.99
514,95,2022-02-13,36,3100,0.99,1,0.99
515,95,2022-02-13,36,3106,0.99,1,0.99
516,96,2022-02-18,45,3115,0.99,1,0.99
517,96,2022-02-18,45,3124,0.99,1,0.99
518,96,2022-02-18,45,3133,0.99,1,0.99
519,96,2022-02-18,45,3142,0.99,1,0.99
520,96,2022-02-18,45,3151,0.99,1,0.99
521,96,2022-02-18,45,3160,0.99,1,0.99
522,96,2022-02-18,45,3169,1.99,1,1.99
523,96,2022-02-18,45,3178,1.99,1,1.99
524,96,2022-02-18,45,3187,1.99,1,1.99
525,96,2022-02-18,45,3196,1.99,1,1.99
526,96,2022-02-18,45,3205,1.99,1,1.99
527,96,2022-02-18,45,3214,1.99,1,1.99
528,96,2022-02-18,45,3223,1.99,1,1.99
529,96,2022-02-18,45,3232,1.99,1,1.99
530,97,2022-02-26,59,3246,1.99,1,1.99
531,98,2022-03-11,1,3247,1.99,1,1.99
532,98,2022-03-11,1,3248,1.99,1,1.99
533,99,2022-03-11,3,3250,1.99,1,1.99
534,99,2022-03-11,3,3252,1.99,1,1.99
535,100,2022-03-12,5,3254,0.99,1,0.99
536,100,2022-03-12,5,3256,0.99,1,0.99
537,100,2022-03-12,5,3258,0.99,1,0.99
538,100,2022-03-12,5,3260,0.99,1,0.99
539,101,2022-03-13,9,3264,0.99,1,0.99
540,101,2022-03-13,9,3268,0.99,1,0.99
541,101,2022-03-13,9,3272,0.99,1,0.99
542,101,2022-03-13,9,3276,0.99,1,0.99
543,101,2022-03-13,9,3280,0.99,1,0.99
544,101,2022-03-13,9,3284,0.99,1,0.99
545,102,2022-03-16,15,3290,0.99,1,0.99
546,102,2022-03-16,15,3296,0.99,1,0.99
547,102,2022-03-16,15,3302,0.99,1,0.99
548,102,2022-03-16,15,3308,0.99,1,0.99
549,102,2022-03-16,15,3314,0.99,1,0.99
550,102,2022-03-16,15,3320,0.99,1,0.99
551,102,2022-03-16,15,3326,0.99,1,0.99
552,102,2022-03-16,15,3332,0.99,1,0.99
553,102,2022-03-16,15,3338,1.99,1,1.99
554,103,2022-03-21,24,3347,1.99,1,1.99
555,103,2022-03-21,24,3356,0.99,1,0.99
556,103,2022-03-21,24,3365,0.99,1,0.99
557,103,2022-03-21,24,3374,0.99,1,0.99
558,103,2022-03-21,24,3383,0.99,1,0.99
559,103,2022-03-21,24,3392,0.99,1,0.99
560,103,2022-03-21,24,3401,0.99,1,0.99
561,103,2022-03-21,24,3410,0.99,1,0.99
562,103,2022-03-21,24,3419,0.99,1,0.99
563,103,2022-03-21,24,3428,1.99,1,1.99
564,103,2022-03-21,24,3437,0.99,1,0.99
565,103,2022-03-21,24,3446,0.99,1,0.99
566,103,2022-03-21,24,3455,0.99,1,0.99
567,103,2022-03-21,24,3464,0.99,1,0.99
568,104,2022-03-29,38,3478,0.99,1,0.99
569,105,2022-04-11,39,3479,0.99,1,0.99
570,105,2022-04-11,39,3480,0.99,1,0.99
571,106,2022-04-11,41,3482,0.99,1,0.99
572,106,2022-04-11,41,3484,0.99,1,0.99
573,107,2022-04-12,43,3486,0.99,1,0.99
574,107,2022-04-12,43,3488,0.99,1,0.99
575,107,2022-04-12,43,3490,0.99,1,0.99
576,107,2022-04-12,43,3492,0.99,1,0.99
577,108,2022-04-13,47,3496,0.99,1,0.99
578,108,2022-04-13,47,3500,0.99,1,0.99
579,108,2022-04-13,47,1,0.99,1,0.99
580,108,2022-04-13,47,5,0.99,1,0.99
581,108,2022-04-13,47,9,0.99,1,0.99
582,108,2022-04-13,47,13,0.99,1,0.99
583,109,2022-04-16,53,19,0.99,1,0.99
584,109,2022-04-16,53,25,0.99,1,0.99
585,109,2022-04-16,53,31,0.99,1,0.99
586,109,2022-04-16,53,37,0.99,1,0.99
587,109,2022-04-16,53,43,0.99,1,0.99
588,109,2022-04-16,53,49,0.99,1,0.99
589,109,2022-04-16,53,55,0.99,1,0.99
590,109,2022-04-16,53,61,0.99,1,0.99
591,109,2022-04-16,53,67,0.99,1,0.99
592,110,2022-04-21,3,76,0.99,1,0.99
593,110,2022-04-21,3,85,0.99,1,0.99
594,110,2022-04-21,3,94,0.99,1,0.99
595,110,2022-04-21,3,103,0.99,1,0.99
596,110,2022-04-21,3,112,0.99,1,0.99
597,110,2022-04-21,3,121,0.99,1,0.99
598,110,2022-04-21,3,130,0.99,1,0.99
599,110,2022-04-21,3,139,0.99,1,0.99
600,110,2022-04-21,3,148,0.99,1,0.99
601,110,2022-04-21,3,157,0.99,1,0.99
602,110,2022-04-21,3,166,0.99,1,0.99
603,110,2022-04-21,3,175,0.99,1,0.99
604,110,2022-04-21,3,184,0.99,1,0.99
605,110,2022-04-21,3,193,0.99,1,0.99
606,111,2022-04-29,17,207,0.99,1,0.99
607,112,2022-05-12,18,208,0.99,1,0.99
608,112,2022-05-12,18,209,0.99,1,0.99
609,113,2022-05-12,20,211,0.99,1,0.99
610,113,2022-05-12,20,213,0.99,1,0.99
611,114,2022-05-13,22,215,0.99,1,0.99
612,114,2022-05-13,22,217,0.99,1,0.99
613,114,2022-05-13,22,219,0.99,1,0.99
614,114,2022-05-13,22,221,0.99,1,0.99
615,115,2022-05-14,26,225,0.99,1,0.99
616,115,2022-05-14,26,229,0.99,1,0.99
617,115,2022-05-14,26,233,0.99,1,0.99
618,115,2022-05-14,26,237,0.99,1,0.99
619,115,2022-05-14,26,241,0.99,1,0.99
620,115,2022-05-14,26,245,0.99,1,0.99
621,116,2022-05-17,32,251,0.99,1,0.99
622,116,2022-05-17,32,257,0.99,1,0.99
623,116,2022-05-17,32,263,0.99,1,0.99
624,116,2022-05-17,32,269,0.99,1,0.99
625,116,2022-05-17,32,275,0.99,1,0.99
626,116,2022-05-17,32,281,0.99,1,0.99
627,116,2022-05-17,32,287,0.99,1,0.99
628,116,2022-05-17,32,293,0.99,1,0.99
629,116,2022-05-17,32,299,0.99,1,0.99
630,117,2022-05-22,41,308,0.99,1,0.99
631,117,2022-05-22,41,317,0.99,1,0.99
632,117,2022-05-22,41,326,0.99,1,0.99
633,117,2022-05-22,41,335,0.99,1,0.99
634,117,2022-05-22,41,344,0.99,1,0.99
635,117,2022-05-22,41,353,0.99,1,0.99
636,117,2022-05-22,41,362,0.99,1,0.99
637,117,2022-05-22,41,371,0.99,1,0.99
638,117,2022-05-22,41,380,0.99,1,0.99
639,117,2022-05-22,41,389,0.99,1,0.99
640,117,2022-05-22,41,398,0.99,1,0.99
641,117,2022-05-22,41,407,0.99,1,0.99
642,117,2022-05-22,41,416,0.99,1,0.99
643,117,2022-05-22,41,425,0.99,1,0.99
644,118,2022-05-30,55,439,0.99,1,0.99
645,119,2022-06-12,56,440,0.99,1,0.99
646,119,2022-06-12,56,441,0.99,1,0.99
647,120,2022-06-12,58,443,0.99,1,0.99
648,120,2022-06-12,58,445,0.99,1,0.99
649,121,2022-06-13,1,447,0.99,1,0.99
650,121,2022-06-13,1,449,0.99,1,0.99
651,121,2022-06-13,1,451,0.99,1,0.99
652,121,2022-06-13,1,453,0.99,1,0.99
653,122,2022-06-14,5,457,0.99,1,0.99
654,122,2022-06-14,5,461,0.99,1,0.99
655,122,2022-06-14,5,465,0.99,1,0.99
656,122,2022-06-14,5,469,0.99,1,0.99
657,122,2022-06-14,5,473,0.99,1,0.99
658,122,2022-06-14,5,477,0.99,1,0.99
659,123,2022-06-17,11,483,0.99,1,0.99
660,123,2022-06-17,11,489,0.99,1,0.99
661,123,2022-06-17,11,495,0.99,1,0.99
662,123,2022-06-17,11,501,0.99,1,0.99
663,123,2022-06-17,11,507,0.99,1,0.99
664,123,2022-06-17,11,513,0.99,1,0.99
665,123,2022-06-17,11,519,0.99,1,0.99
666,123,2022-06-17,11,525,0.99,1,0.99
667,123,2022-06-17,11,531,0.99,1,0.99
668,124,2022-06-22,20,540,0.99,1,0.99
669,124,2022-06-22,20,549,0.99,1,0.99
670,124,2022-06-22,20,558,0.99,1,0.99
671,124,2022-06-22,20,567,0.99,1,0.99
672,124,2022-06-22,20,576,0.99,1,0.99
673,124,2022-06-22,20,585,0.99,1,0.99
674,124,2022-06-22,20,594,0.99,1,0.99
675,124,2022-06-22,20,603,0.99,1,0.99
676,124,2022-06-22,20,612,0.99,1,0.99
677,124,2022-06-22,20,621,0.99,1,0.99
678,124,2022-06-22,20,630,0.99,1,0.99
679,124,2022-06-22,20,639,0.99,1,0.99
680,124,2022-06-22,20,648,0.99,1,0.99
681,124,2022-06-22,20,657,0.99,1,0.99
682,125,2022-06-30,34,671,0.99,1,0.99
683,126,2022-07-13,35,672,0.99,1,0.99
684,126,2022-07-13,35,673,0.99,1,0.99
685,127,2022-07-13,37,675,0.99,1,0.99
686,127,2022-07-13,37,677,0.99,1,0.99
687,128,2022-07-14,39,679,0.99,1,0.99
688,128,2022-07-14,39,681,0.99,1,0.99
689,128,2022-07-14,39,683,0.99,1,0.99
690,128,2022-07-14,39,685,0.99,1,0.99
691,129,2022-07-15,43,689,0.99,1,0.99
692,129,2022-07-15,43,693,0.99,1,0.99
693,129,2022-07-15,43,697,0.99,1,0.99
694,129,2022-07-15,43,701,0.99,1,0.99
695,129,2022-07-15,43,705,0.99,1,0.99
696,129,2022-07-15,43,709,0.99,1,0.99
697,130,2022-07-18,49,715,0.99,1,0.99
698,130,2022-07-18,49,721,0.99,1,0.99
699,130,2022-07-18,49,727,0.99,1,0.99
700,130,2022-07-18,49,733,0.99,1,0.99
701,130,2022-07-18,49,739,0.99,1,0.99
702,130,2022-07-18,49,745,0.99,1,0.99
703,130,2022-07-18,49,751,0.99,1,0.99
704,130,2022-07-18,49,757,0.99,1,0.99
705,130,2022-07-18,49,763,0.99,1,0.99
706,131,2022-07-23,58,772,0.99,1,0.99
707,131,2022-07-23,58,781,0.99,1,0.99
708,131,2022-07-23,58,790,0.99,1,0.99
709,131,2022-07-23,58,799,0.99,1,0.99
710,131,2022-07-23,58,808,0.99,1,0.99
711,131,2022-07-23,58,817,0.99,1,0.99
712,131,2022-07-23,58,826,0.99,1,0.99
713,131,2022-07-23,58,835,0.99,1,0.99
714,131,2022-07-23,58,844,0.99,1,0.99
715,131,2022-07-23,58,853,0.99,1,0.99
716,131,2022-07-23,58,862,0.99,1,0.99
717,131,2022-07-23,58,871,0.99,1,0.99
718,131,2022-07-23,58,880,0.99,1,0.99
719,131,2022-07-23,58,889,0.99,1,0.99
720,132,2022-07-31,13,903,0.99,1,0.99
721,133,2022-08-13,14,904,0.99,1,0.99
722,133,2022-08-13,14,905,0.99,1,0.99
723,134,2022-08-13,16,907,0.99,1,0.99
724,134,2022-08-13,16,909,0.99,1,0.99
725,135,2022-08-14,18,911,0.99,1,0.99
726,135,2022-08-14,18,913,0.99,1,0.99
727,135,2022-08-14,18,915,0.99,1,0.99
728,135,2022-08-14,18,917,0.99,1,0.99
729,136,2022-08-15,22,921,0.99,1,0.99
730,136,2022-08-15,22,925,0.99,1,0.99
731,136,2022-08-15,22,929,0.99,1,0.99
732,136,2022-08-15,22,933,0.99,1,0.99
733,136,2022-08-15,22,937,0.99,1,0.99
734,136,2022-08-15,22,941,0.99,1,0.99
735,137,2022-08-18,28,947,0.99,1,0.99
736,137,2022-08-18,28,953,0.99,1,0.99
737,137,2022-08-18,28,959,0.99,1,0.99
738,137,2022-08-18,28,965,0.99,1,0.99
739,137,2022-08-18,28,971,0.99,1,0.99
740,137,2022-08-18,28,977,0.99,1,0.99
741,137,2022-08-18,28,983,0.99,1,0.99
742,137,2022-08-18,28,989,0.99,1,0.99
743,137,2022-08-18,28,995,0.99,1,0.99
744,138,2022-08-23,37,1004,0.99,1,0.99
745,138,2022-08-23,37,1013,0.99,1,0.99
746,138,2022-08-23,37,1022,0.99,1,0.99
747,138,2022-08-23,37,1031,0.99,1,0.99
748,138,2022-08-23,37,1040,0.99,1,0.99
749,138,2022-08-23,37,1049,0.99,1,0.99
750,138,2022-08-23,37,1058,0.99,1,0.99
751,138,2022-08-23,37,1067,0.99,1,0.99
752,138,2022-08-23,37,1076,0.99,1,0.99
753,138,2022-08-23,37,1085,0.99,1,0.99
754,138,2022-08-23,37,1094,0.99,1,0.99
755,138,2022-08-23,37,1103,0.99,1,0.99
756,138,2022-08-23,37,1112,0.99,1,0.99
757,138,2022-08-23,37,1121,0.99,1,0.99
758,139,2022-08-31,51,1135,0.99,1,0.99
759,140,2022-09-13,52,1136,0.99,1,0.99
760,140,2022-09-13,52,1137,0.99,1,0.99
761,141,2022-09-13,54,1139,0.99,1,0.99
762,141,2022-09-13,54,1141,0.99,1,0.99
763,142,2022-09-14,56,1143,0.99,1,0.99
764,142,2022-09-14,56,1145,0.99,1,0.99
765,142,2022-09-14,56,1147,0.99,1,0.99
766,142,2022-09-14,56,1149,0.99,1,0.99
767,143,2022-09-15,1,1153,0.99,1,0.99
768,143,2022-09-15,1,1157,0.99,1,0.99
769,143,2022-09-15,1,1161,0.99,1,0.99
770,143,2022-09-15,1,1165,0.99,1,0.99
771,143,2022-09-15,1,1169,0.99,1,0.99
772,143,2022-09-15,1,1173,0.99,1,0.99
773,144,2022-09-18,7,1179,0.99,1,0.99
774,144,2022-09-18,7,1185,0.99,1,0.99
775,144,2022-09-18,7,1191,0.99,1,0.99
776,144,2022-09-18,7,1197,0.99,1,0.99
777,144,2022-09-18,7,1203,0.99,1,0.99
778,144,2022-09-18,7,1209,0.99,1,0.99
779,144,2022-09-18,7,1215,0.99,1,0.99
780,144,2022-09-18,7,1221,0.99,1,0.99
781,144,2022-09-18,7,1227,0.99,1,0.99
782,145,2022-09-23,16,1236,0.99,1,0.99
783,145,2022-09-23,16,1245,0.99,1,0.99
784,145,2022-09-23,16,1254,0.99,1,0.99
785,145,2022-09-23,16,1263,0.99,1,0.99
786,145,2022-09-23,16,1272,0.99,1,0.99
787,145,2022-09-23,16,1281,0.99,1,0.99
788,145,2022-09-23,16,1290,0.99,1,0.99
789,145,2022-09-23,16,1299,0.99,1,0.99
790,145,2022-09-23,16,1308,0.99,1,0.99
791,145,2022-09-23,16,1317,0.99,1,0.99
792,145,2022-09-23,16,1326,0.99,1,0.99
793,145,2022-09-23,16,1335,0.99,1,0.99
794,145,2022-09-23,16,1344,0.99,1,0.99
795,145,2022-09-23,16,1353,0.99,1,0.99
796,146,2022-10-01,30,1367,0.99,1,0.99
797,147,2022-10-14,31,1368,0.99,1,0.99
798,147,2022-10-14,31,1369,0.99,1,0.99
799,148,2022-10-14,33,1371,0.99,1,0.99
800,148,2022-10-14,33,1373,0.99,1,0.99
801,149,2022-10-15,35,1375,0.99,1,0.99
802,149,2022-10-15,35,1377,0.99,1,0.99
803,149,2022-10-15,35,1379,0.99,1,0.99
804,149,2022-10-15,35,1381,0.99,1,0.99
805,150,2022-10-16,39,1385,0.99,1,0.99
806,150,2022-10-16,39,1389,0.99,1,0.99
807,150,2022-10-16,39,1393,0.99,1,0.99
808,150,2022-10-16,39,1397,0.99,1,0.99
809,150,2022-10-16,39,1401,0.99,1,0.99
810,150,2022-10-16,39,1405,0.99,1,0.99
811,151,2022-10-19,45,1411,0.99,1,0.99
812,151,2022-10-19,45,1417,0.99,1,0.99
813,151,2022-10-19,45,1423,0.99,1,0.99
814,151,2022-10-19,45,1429,0.99,1,0.99
815,151,2022-10-19,45,1435,0.99,1,0.99
816,151,2022-10-19,45,1441,0.99,1,0.99
817,151,2022-10-19,45,1447,0.99,1,0.99
818,151,2022-10-19,45,1453,0.99,1,0.99
819,151,2022-10-19,45,1459,0.99,1,0.99
820,152,2022-10-24,54,1468,0.99,1,0.99
821,152,2022-10-24,54,1477,0.99,1,0.99
822,152,2022-10-24,54,1486,0.99,1,0.99
823,152,2022-10-24,54,1495,0.99,1,0.99
824,152,2022-10-24,54,1504,0.99,1,0.99
825,152,2022-10-24,54,1513,0.99,1,0.99
826,152,2022-10-24,54,1522,0.99,1,0.99
827,152,2022-10-24,54,1531,0.99,1,0.99
828,152,2022-10-24,54,1540,0.99,1,0.99
829,152,2022-10-24,54,1549,0.99,1,0.99
830,152,2022-10-24,54,1558,0.99,1,0.99
831,152,2022-10-24,54,1567,0.99,1,0.99
832,152,2022-10-24,54,1576,0.99,1,0.99
833,152,2022-10-24,54,1585,0.99,1,0.99
834,153,2022-11-01,9,1599,0.99,1,0.99
835,154,2022-11-14,10,1600,0.99,1,0.99
836,154,2022-11-14,10,1601,0.99,1,0.99
837,155,2022-11-14,12,1603,0.99,1,0.99
838,155,2022-11-14,12,1605,0.99,1,0.99
839,156,2022-11-15,14,1607,0.99,1,0.99
840,156,2022-11-15,14,1609,0.99,1,0.99
841,156,2022-11-15,14,1611,0.99,1,0.99
842,156,2022-11-15,14,1613,0.99,1,0.99
843,157,2022-11-16,18,1617,0.99,1,0.99
844,157,2022-11-16,18,1621,0.99,1,0.99
845,157,2022-11-16,18,1625,0.99,1,0.99
846,157,2022-11-16,18,1629,0.99,1,0.99
847,157,2022-11-16,18,1633,0.99,1,0.99
848,157,2022-11-16,18,1637,0.99,1,0.99
849,158,2022-11-19,24,1643,0.99,1,0.99
850,158,2022-11-19,24,1649,0.99,1,0.99
851,158,2022-11-19,24,1655,0.99,1,0.99
852,158,2022-11-19,24,1661,0.99,1,0.99
853,158,2022-11-19,24,1667,0.99,1,0.99
854,158,2022-11-19,24,1673,0.99,1,0.99
855,158,2022-11-19,24,1679,0.99,1,0.99
856,158,2022-11-19,24,1685,0.99,1,0.99
857,158,2022-11-19,24,1691,0.99,1,0.99
858,159,2022-11-24,33,1700,0.99,1,0.99
859,159,2022-11-24,33,1709,0.99,1,0.99
860,159,2022-11-24,33,1718,0.99,1,0.99
861,159,2022-11-24,33,1727,0.99,1,0.99
862,159,2022-11-24,33,1736,0.99,1,0.99
863,159,2022-11-24,33,1745,0.99,1,0.99
864,159,2022-11-24,33,1754,0.99,1,0.99
865,159,2022-11-24,33,1763,0.99,1,0.99
866,159,2022-11-24,33,1772,0.99,1,0.99
867,159,2022-11-24,33,1781,0.99,1,0.99
868,159,2022-11-24,33,1790,0.99,1,0.99
869,159,2022-11-24,33,1799,0.99,1,0.99
870,159,2022-11-24,33,1808,0.99,1,0.99
871,159,2022-11-24,33,1817,0.99,1,0.99
872,160,2022-12-02,47,1831,0.99,1,0.99
873,161,2022-12-15,48,1832,0.99,1,0.99
874,161,2022-12-15,48,1833,0.99,1,0.99
875,162,2022-12-15,50,1835,0.99,1,0.99
876,162,2022-12-15,50,1837,0.99,1,0.99
877,163,2022-12-16,52,1839,0.99,1,0.99
878,163,2022-12-16,52,1841,0.99,1,0.99
879,163,2022-12-16,52,1843,0.99,1,0.99
880,163,2022-12-16,52,1845,0.99,1,0.99
881,164,2022-12-17,56,1849,0.99,1,0.99
882,164,2022-12-17,56,1853,0.99,1,0.99
883,164,2022-12-17,56,1857,0.99,1,0.99
884,164,2022-12-17,56,1861,0.99,1,0.99
885,164,2022-12-17,56,1865,0.99,1,0.99
886,164,2022-12-17,56,1869,0.99,1,0.99
887,165,2022-12-20,3,1875,0.99,1,0.99
888,165,2022-12-20,3,1881,0.99,1,0.99
889,165,2022-12-20,3,1887,0.99,1,0.99
890,165,2022-12-20,3,1893,0.99,1,0.99
891,165,2022-12-20,3,1899,0.99,1,0.99
892,165,2022-12-20,3,1905,0.99,1,0.99
893,165,2022-12-20,3,1911,0.99,1,0.99
894,165,2022-12-20,3,1917,0.99,1,0.99
895,165,2022-12-20,3,1923,0.99,1,0.99
896,166,2022-12-25,12,1932,0.99,1,0.99
897,166,2022-12-25,12,1941,0.99,1,0.99
898,166,2022-12-25,12,1950,0.99,1,0.99
899,166,2022-12-25,12,1959,0.99,1,0.99
900,166,2022-12-25,12,1968,0.99,1,0.99
901,166,2022-12-25,12,1977,0.99,1,0.99
902,166,2022-12-25,12,1986,0.99,1,0.99
903,166,2022-12-25,12,1995,0.99,1,0.99
904,166,2022-12-25,12,2004,0.99,1,0.99
905,166,2022-12-25,12,2013,0.99,1,0.99
906,166,2022-12-25,12,2022,0.99,1,0.99
907,166,2022-12-25,12,2031,0.99,1,0.99
908,166,2022-12-25,12,2040,0.99,1,0.99
909,166,2022-12-25,12,2049,0.99,1,0.99
910,167,2023-01-02,26,2063,0.99,1,0.99
911,168,2023-01-15,27,2064,0.99,1,0.99
912,168,2023-01-15,27,2065,0.99,1,0.99
913,169,2023-01-15,29,2067,0.99,1,0.99
914,169,2023-01-15,29,2069,0.99,1,0.99
915,170,2023-01-16,31,2071,0.99,1,0.99
916,170,2023-01-16,31,2073,0.99,1,0.99
917,170,2023-01-16,31,2075,0.99,1,0.99
918,170,2023-01-16,31,2077,0.99,1,0.99
919,171,2023-01-17,35,2081,0.99,1,0.99
920,171,2023-01-17,35,2085,0.99,1,0.99
921,171,2023-01-17,35,2089,0.99,1,0.99
922,171,2023-01-17,35,2093,0.99,1,0.99
923,171,2023-01-17,35,2097,0.99,1,0.99
924,171,2023-01-17,35,2101,0.99,1,0.99
925,172,2023-01-20,41,2107,0.99,1,0.99
926,172,2023-01-20,41,2113,0.99,1,0.99
927,172,2023-01-20,41,2119,0.99,1,0.99
928,172,2023-01-20,41,2125,0.99,1,0.99
929,172,2023-01-20,41,2131,0.99,1,0.99
930,172,2023-01-20,41,2137,0.99,1,0.99
931,172,2023-01-20,41,2143,0.99,1,0.99
932,172,2023-01-20,41,2149,0.99,1,0.99
933,172,2023-01-20,41,2155,0.99,1,0.99
934,173,2023-01-25,50,2164,0.99,1,0.99
935,173,2023-01-25,50,2173,0.99,1,0.99
936,173,2023-01-25,50,2182,0.99,1,0.99
937,173,2023-01-25,50,2191,0.99,1,0.99
938,173,2023-01-25,50,2200,0.99,1,0.99
939,173,2023-01-25,50,2209,0.99,1,0.99
940,173,2023-01-25,50,2218,0.99,1,0.99
941,173,2023-01-25,50,2227,0.99,1,0.99
942,173,2023-01-25,50,2236,0.99,1,0.99
943,173,2023-01-25,50,2245,0.99,1,0.99
944,173,2023-01-25,50,2254,0.99,1,0.99
945,173,2023-01-25,50,2263,0.99,1,0.99
946,173,2023-01-25,50,2272,0.99,1,0.99
947,173,2023-01-25,50,2281,0.99,1,0.99
948,174,2023-02-02,5,2295,0.99,1,0.99
949,175,2023-02-15,6,2296,0.99,1,0.99
950,175,2023-02-15,6,2297,0.99,1,0.99
951,176,2023-02-15,8,2299,0.99,1,0.99
952,176,2023-02-15,8,2301,0.99,1,0.99
953,177,2023-02-16,10,2303,0.99,1,0.99
954,177,2023-02-16,10,2305,0.99,1,0.99
955,177,2023-02-16,10,2307,0.99,1,0.99
956,177,2023-02-16,10,2309,0.99,1,0.99
957,178,2023-02-17,14,2313,0.99,1,0.99
958,178,2023-02-17,14,2317,0.99,1,0.99
959,178,2023-02-17,14,2321,0.99,1,0.99
960,178,2023-02-17,14,2325,0.99,1,0.99
961,178,2023-02-17,14,2329,0.99,1,0.99
962,178,2023-02-17,14,2333,0.99,1,0.99
963,179,2023-02-20,20,2339,0.99,1,0.99
964,179,2023-02-20,20,2345,0.99,1,0.99
965,179,2023-02-20,20,2351,0.99,1,0.99
966,179,2023-02-20,20,2357,0.99,1,0.99
967,179,2023-02-20,20,2363,0.99,1,0.99
968,179,2023-02-20,20,2369,0.99,1,0.99
969,179,2023-02-20,20,2375,0.99,1,0.99
970,179,2023-02-20,20,2381,0.99,1,0.99
971,179,2023-02-20,20,2387,0.99,1,0.99
972,180,2023-02-25,29,2396,0.99,1,0.99
973,180,2023-02-25,29,2405,0.99,1,0.99
974,180,2023-02-25,29,2414,0.99,1,0.99
975,180,2023-02-25,29,2423,0.99,1,0.99
976,180,2023-02-25,29,2432,0.99,1,0.99
977,180,2023-02-25,29,2441,0.99,1,0.99
978,180,2023-02-25,29,2450,0.99,1,0.99
979,180,2023-02-25,29,2459,0.99,1,0.99
980,180,2023-02-25,29,2468,0.99,1,0.99
981,180,2023-02-25,29,2477,0.99,1,0.99
982,180,2023-02-25,29,2486,0.99,1,0.99
983,180,2023-02-25,29,2495,0.99,1,0.99
984,180,2023-02-25,29,2504,0.99,1,0.99
985,180,2023-02-25,29,2513,0.99,1,0.99
986,181,2023-03-05,43,2527,0.99,1,0.99
987,182,2023-03-18,44,2528,0.99,1,0.99
988,182,2023-03-18,44,2529,0.99,1,0.99
989,183,2023-03-18,46,2531,0.99,1,0.99
990,183,2023-03-18,46,2533,0.99,1,0.99
991,184,2023-03-19,48,2535,0.99,1,0.99
992,184,2023-03-19,48,2537,0.99,1,0.99
993,184,2023-03-19,48,2539,0.99,1,0.99
994,184,2023-03-19,48,2541,0.99,1,0.99
995,185,2023-03-20,52,2545,0.99,1,0.99
996,185,2023-03-20,52,2549,0.99,1,0.99
997,185,2023-03-20,52,2553,0.99,1,0.99
998,185,2023-03-20,52,2557,0.99,1,0.99
999,185,2023-03-20,52,2561,0.99,1,0.99
1000,185,2023-03-20,52,2565,0.99,1,0.99
1001,186,2023-03-23,58,2571,0.99,1,0.99
1002,186,2023-03-23,58,2577,0.99,1,0.99
1003,186,2023-03-23,58,2583,0.99,1,0.99
1004,186,2023-03-23,58,2589,0.99,1,0.99
1005,186,2023-03-23,58,2595,0.99,1,0.99
1006,186,2023-03-23,58,2601,0.99,1,0.99
1007,186,2023-03-23,58,2607,0.99,1,0.99
1008,186,2023-03-23,58,2613,0.99,1,0.99
1009,186,2023-03-23,58,2619,0.99,1,0.99
1010,187,2023-03-28,8,2628,0.99,1,0.99
1011,187,2023-03-28,8,2637,0.99,1,0.99
1012,187,2023-03-28,8,2646,0.99,1,0.99
1013,187,2023-03-28,8,2655,0.99,1,0.99
1014,187,2023-03-28,8,2664,0.99,1,0.99
1015,187,2023-03-28,8,2673,0.99,1,0.99
1016,187,2023-03-28,8,2682,0.99,1,0.99
1017,187,2023-03-28,8,2691,0.99,1,0.99
1018,187,2023-03-28,8,2700,0.99,1,0.99
1019,187,2023-03-28,8,2709,0.99,1,0.99
1020,187,2023-03-28,8,2718,0.99,1,0.99
1021,187,2023-03-28,8,2727,0.99,1,0.99
1022,187,2023-03-28,8,2736,0.99,1,0.99
1023,187,2023-03-28,8,2745,0.99,1,0.99
1024,188,2023-04-05,22,2759,0.99,1,0.99
1025,189,2023-04-18,23,2760,0.99,1,0.99
1026,189,2023-04-18,23,2761,0.99,1,0.99
1027,190,2023-04-18,25,2763,0.99,1,0.99
1028,190,2023-04-18,25,2765,0.99,1,0.99
1029,191,2023-04-19,27,2767,0.99,1,0.99
1030,191,2023-04-19,27,2769,0.99,1,0.99
1031,191,2023-04-19,27,2771,0.99,1,0.99
1032,191,2023-04-19,27,2773,0.99,1,0.99
1033,192,2023-04-20,31,2777,0.99,1,0.99
1034,192,2023-04-20,31,2781,0.99,1,0.99
1035,192,2023-04-20,31,2785,0.99,1,0.99
1036,192,2023-04-20,31,2789,0.99,1,0.99
1037,192,2023-04-20,31,2793,0.99,1,0.99
1038,192,2023-04-20,31,2797,0.99,1,0.99
1039,193,2023-04-23,37,2803,0.99,1,0.99
1040,193,2023-04-23,37,2809,0.99,1,0.99
1041,193,2023-04-23,37,2815,0.99,1,0.99
1042,193,2023-04-23,37,2821,1.99,1,1.99
1043,193,2023-04-23,37,2827,1.99,1,1.99
1044,193,2023-04-23,37,2833,1.99,1,1.99
1045,193,2023-04-23,37,2839,1.99,1,1.99
1046,193,2023-04-23,37,2845,1.99,1,1.99
1047,193,2023-04-23,37,2851,1.99,1,1.99
1048,194,2023-04-28,46,2860,1.99,1,1.99
1049,194,2023-04-28,46,2869,1.99,1,1.99
1050,194,2023-04-28,46,2878,1.99,1,1.99
1051,194,2023-04-28,46,2887,1.99,1,1.99
1052,194,2023-04-28,46,2896,1.99,1,1.99
1053,194,2023-04-28,46,2905,1.99,1,1.99
1054,194,2023-04-28,46,2914,1.99,1,1.99
1055,194,2023-04-28,46,2923,1.99,1,1.99
1056,194,2023-04-28,46,2932,0.99,1,0.99
1057,194,2023-04-28,46,2941,0.99,1,0.99
1058,194,2023-04-28,46,2950,0.99,1,0.99
1059,194,2023-04-28,46,2959,0.99,1,0.99
1060,194,2023-04-28,46,2968,0.99,1,0.99
1061,194,2023-04-28,46,2977,0.99,1,0.99
1062,195,2023-05-06,1,2991,0.99,1,0.99
1063,196,2023-05-19,2,2992,0.99,1,0.99
1064,196,2023-05-19,2,2993,0.99,1,0.99
1065,197,2023-05-19,4,2995,0.99,1,0.99
1066,197,2023-05-19,4,2997,0.99,1,0.99
1067,198,2023-05-20,6,2999,0.99,1,0.99
1068,198,2023-05-20,6,3001,0.99,1,0.99
1069,198,2023-05-20,6,3003,0.99,1,0.99
1070,198,2023-05-20,6,3005,0.99,1,0.99
1071,199,2023-05-21,10,3009,0.99,1,0.99
1072,199,2023-05-21,10,3013,0.99,1,0.99
1073,199,2023-05-21,10,3017,0.99,1,0.99
1074,199,2023-05-21,10,3021,0.99,1,0.99
1075,199,2023-05-21,10,3025,0.99,1,0.99
1076,199,2023-05-21,10,3029,0.99,1,0.99
1077,200,2023-05-24,16,3035,0.99,1,0.99
1078,200,2023-05-24,16,3041,0.99,1,0.99
1079,200,2023-05-24,16,3047,0.99,1,0.99
1080,200,2023-05-24,16,3053,0.99,1,0.99
1081,200,2023-05-24,16,3059,0.99,1,0.99
1082,200,2023-05-24,16,3065,0.99,1,0.99
1083,200,2023-05-24,16,3071,0.99,1,0.99
1084,200,2023-05-24,16,3077,0.99,1,0.99
1085,200,2023-05-24,16,3083,0.99,1,0.99
1086,201,2023-05-29,25,3092,0.99,1,0.99
1087,201,2023-05-29,25,3101,0.99,1,0.99
1088,201,2023-05-29,25,3110,0.99,1,0.99
1089,201,2023-05-29,25,3119,0.99,1,0.99
1090,201,2023-05-29,25,3128,0.99,1,0.99
1091,201,2023-05-29,25,3137,0.99,1,0.99
1092,201,2023-05-29,25,3146,0.99,1,0.99
1093,201,2023-05-29,25,3155,0.99,1,0.99
1094,201,2023-05-29,25,3164,0.99,1,0.99
1095,201,2023-05-29,25,3173,1.99,1,1.99
1096,201,2023-05-29,25,3182,1.99,1,1.99
1097,201,2023-05-29,25,3191,1.99,1,1.99
1098,201,2023-05-29,25,3200,1.99,1,1.99
1099,201,2023-05-29,25,3209,1.99,1,1.99
1100,202,2023-06-06,39,3223,1.99,1,1.99
1101,203,2023-06-19,40,3224,1.99,1,1.99
1102,203,2023-06-19,40,3225,0.99,1,0.99
1103,204,2023-06-19,42,3227,1.99,1,1.99
1104,204,2023-06-19,42,3229,1.99,1,1.99
1105,205,2023-06-20,44,3231,1.99,1,1.99
1106,205,2023-06-20,44,3233,1.99,1,1.99
1107,205,2023-06-20,44,3235,1.99,1,1.99
1108,205,2023-06-20,44,3237,1.99,1,1.99
1109,206,2023-06-21,48,3241,1.99,1,1.99
1110,206,2023-06-21,48,3245,1.99,1,1.99
1111,206,2023-06-21,48,3249,1.99,1,1.99
1112,206,2023-06-21,48,3253,0.99,1,0.99
1113,206,2023-06-21,48,3257,0.99,1,0.99
1114,206,2023-06-21,48,3261,0.99,1,0.99
1115,207,2023-06-24,54,3267,0.99,1,0.99
1116,207,2023-06-24,54,3273,0.99,1,0.99
1117,207,2023-06-24,54,3279,0.99,1,0.99
1118,207,2023-06-24,54,3285,0.99,1,0.99
1119,207,2023-06-24,54,3291,0.99,1,0.99
1120,207,2023-06-24,54,3297,0.99,1,0.99
1121,207,2023-06-24,54,3303,0.99,1,0.99
1122,207,2023-06-24,54,3309,0.99,1,0.99
1123,207,2023-06-24,54,3315,0.99,1,0.99
1124,208,2023-06-29,4,3324,0.99,1,0.99
1125,208,2023-06-29,4,3333,0.99,1,0.99
1126,208,2023-06-29,4,3342,1.99,1,1.99
1127,208,2023-06-29,4,3351,0.99,1,0.99
1128,208,2023-06-29,4,3360,1.99,1,1.99
1129,208,2023-06-29,4,3369,0.99,1,0.99
1130,208,2023-06-29,4,3378,0.99,1,0.99
1131,208,2023-06-29,4,3387,0.99,1,0.99
1132,208,2023-06-29,4,3396,0.99,1,0.99
1133,208,2023-06-29,4,3405,0.99,1,0.99
1134,208,2023-06-29,4,3414,0.99,1,0.99
1135,208,2023-06-29,4,3423,0.99,1,0.99
1136,208,2023-06-29,4,3432,0.99,1,0.99
1137,208,2023-06-29,4,3441,0.99,1,0.99
1138,209,2023-07-07,18,3455,0.99,1,0.99
1139,210,2023-07-20,19,3456,0.99,1,0.99
1140,210,2023-07-20,19,3457,0.99,1,0.99
1141,211,2023-07-20,21,3459,0.99,1,0.99
1142,211,2023-07-20,21,3461,0.99,1,0.99
1143,212,2023-07-21,23,3463,0.99,1,0.99
1144,212,2023-07-21,23,3465,0.99,1,0.99
1145,212,2023-07-21,23,3467,0.99,1,0.99
1146,212,2023-07-21,23,3469,0.99,1,0.99
1147,213,2023-07-22,27,3473,0.99,1,0.99
1148,213,2023-07-22,27,3477,0.99,1,0.99
1149,213,2023-07-22,27,3481,0.99,1,0.99
1150,213,2023-07-22,27,3485,0.99,1,0.99
1151,213,2023-07-22,27,3489,0.99,1,0.99
1152,213,2023-07-22,27,3493,0.99,1,0.99
1153,214,2023-07-25,33,3499,0.99,1,0.99
1154,214,2023-07-25,33,2,0.99,1,0.99
1155,214,2023-07-25,33,8,0.99,1,0.99
1156,214,2023-07-25,33,14,0.99,1,0.99
1157,214,2023-07-25,33,20,0.99,1,0.99
1158,214,2023-07-25,33,26,0.99,1,0.99
1159,214,2023-07-25,33,32,0.99,1,0.99
1160,214,2023-07-25,33,38,0.99,1,0.99
1161,214,2023-07-25,33,44,0.99,1,0.99
1162,215,2023-07-30,42,53,0.99,1,0.99
1163,215,2023-07-30,42,62,0.99,1,0.99
1164,215,2023-07-30,42,71,0.99,1,0.99
1165,215,2023-07-30,42,80,0.99,1,0.99
1166,215,2023-07-30,42,89,0.99,1,0.99
1167,215,2023-07-30,42,98,0.99,1,0.99
1168,215,2023-07-30,42,107,0.99,1,0.99
1169,215,2023-07-30,42,116,0.99,1,0.99
1170,215,2023-07-30,42,125,0.99,1,0.99
1171,215,2023-07-30,42,134,0.99,1,0.99
1172,215,2023-07-30,42,143,0.99,1,0.99
1173,215,2023-07-30,42,152,0.99,1,0.99
1174,215,2023-07-30,42,161,0.99,1,0.99
1175,215,2023-07-30,42,170,0.99,1,0.99
1176,216,2023-08-07,56,184,0.99,1,0.99
1177,217,2023-08-20,57,185,0.99,1,0.99
1178,217,2023-08-20,57,186,0.99,1,0.99
1179,218,2023-08-20,59,188,0.99,1,0.99
1180,218,2023-08-20,59,190,0.99,1,0.99
1181,219,2023-08-21,2,192,0.99,1,0.99
1182,219,2023-08-21,2,194,0.99,1,0.99
1183,219,2023-08-21,2,196,0.99,1,0.99
1184,219,2023-08-21,2,198,0.99,1,0.99
1185,220,2023-08-22,6,202,0.99,1,0.99
1186,220,2023-08-22,6,206,0.99,1,0.99
1187,220,2023-08-22,6,210,0.99,1,0.99
1188,220,2023-08-22,6,214,0.99,1,0.99
1189,220,2023-08-22,6,218,0.99,1,0.99
1190,220,2023-08-22,6,222,0.99,1,0.99
1191,221,2023-08-25,12,228,0.99,1,0.99
1192,221,2023-08-25,12,234,0.99,1,0.99
1193,221,2023-08-25,12,240,0.99,1,0.99
1194,221,2023-08-25,12,246,0.99,1,0.99
1195,221,2023-08-25,12,252,0.99,1,0.99
1196,221,2023-08-25,12,258,0.99,1,0.99
1197,221,2023-08-25,12,264,0.99,1,0.99
1198,221,2023-08-25,12,270,0.99,1,0.99
1199,221,2023-08-25,12,276,0.99,1,0.99
1200,222,2023-08-30,21,285,0.99,1,0.99
1201,222,2023-08-30,21,294,0.99,1,0.99
1202,222,2023-08-30,21,303,0.99,1,0.99
1203,222,2023-08-30,21,312,0.99,1,0.99
1204,222,2023-08-30,21,321,0.99,1,0.99
1205,222,2023-08-30,21,330,0.99,1,0.99
1206,222,2023-08-30,21,339,0.99,1,0.99
1207,222,2023-08-30,21,348,0.99,1,0.99
1208,222,2023-08-30,21,357,0.99,1,0.99
1209,222,2023-08-30,21,366,0.99,1,0.99
1210,222,2023-08-30,21,375,0.99,1,0.99
1211,222,2023-08-30,21,384,0.99,1,0.99
1212,222,2023-08-30,21,393,0.99,1,0.99
1213,222,2023-08-30,21,402,0.99,1,0.99
1214,223,2023-09-07,35,416,0.99,1,0.99
1215,224,2023-09-20,36,417,0.99,1,0.99
1216,224,2023-09-20,36,418,0.99,1,0.99
1217,225,2023-09-20,38,420,0.99,1,0.99
1218,225,2023-09-20,38,422,0.99,1,0.99
1219,226,2023-09-21,40,424,0.99,1,0.99
1220,226,2023-09-21,40,426,0.99,1,0.99
1221,226,2023-09-21,40,428,0.99,1,0.99
1222,226,2023-09-21,40,430,0.99,1,0.99
1223,227,2023-09-22,44,434,0.99,1,0.99
1224,227,2023-09-22,44,438,0.99,1,0.99
1225,227,2023-09-22,44,442,0.99,1,0.99
1226,227,2023-09-22,44,446,0.99,1,0.99
1227,227,2023-09-22,44,450,0.99,1,0.99
1228,227,2023-09-22,44,454,0.99,1,0.99
1229,228,2023-09-25,50,460,0.99,1,0.99
1230,228,2023-09-25,50,466,0.99,1,0.99
1231,228,2023-09-25,50,472,0.99,1,0.99
1232,228,2023-09-25,50,478,0.99,1,0.99
1233,228,2023-09-25,50,484,0.99,1,0.99
1234,228,2023-09-25,50,490,0.99,1,0.99
1235,228,2023-09-25,50,496,0.99,1,0.99
1236,228,2023-09-25,50,502,0.99,1,0.99
1237,228,2023-09-25,50,508,0.99,1,0.99
1238,229,2023-09-30,59,517,0.99,1,0.99
1239,229,2023-09-30,59,526,0.99,1,0.99
1240,229,2023-09-30,59,535,0.99,1,0.99
1241,229,2023-09-30,59,544,0.99,1,0.99
1242,229,2023-09-30,59,553,0.99,1,0.99
1243,229,2023-09-30,59,562,0.99,1,0.99
1244,229,2023-09-30,59,571,0.99,1,0.99
1245,229,2023-09-30,59,580,0.99,1,0.99
1246,229,2023-09-30,59,589,0.99,1,0.99
1247,229,2023-09-30,59,598,0.99,1,0.99
1248,229,2023-09-30,59,607,0.99,1,0.99
1249,229,2023-09-30,59,616,0.99,1,0.99
1250,229,2023-09-30,59,625,0.99,1,0.99
1251,229,2023-09-30,59,634,0.99,1,0.99
1252,230,2023-10-08,14,648,0.99,1,0.99
1253,231,2023-10-21,15,649,0.99,1,0.99
1254,231,2023-10-21,15,650,0.99,1,0.99
1255,232,2023-10-21,17,652,0.99,1,0.99
1256,232,2023-10-21,17,654,0.99,1,0.99
1257,233,2023-10-22,19,656,0.99,1,0.99
1258,233,2023-10-22,19,658,0.99,1,0.99
1259,233,2023-10-22,19,660,0.99,1,0.99
1260,233,2023-10-22,19,662,0.99,1,0.99
1261,234,2023-10-23,23,666,0.99,1,0.99
1262,234,2023-10-23,23,670,0.99,1,0.99
1263,234,2023-10-23,23,674,0.99,1,0.99
1264,234,2023-10-23,23,678,0.99,1,0.99
1265,234,2023-10-23,23,682,0.99,1,0.99
1266,234,2023-10-23,23,686,0.99,1,0.99
1267,235,2023-10-26,29,692,0.99,1,0.99
1268,235,2023-10-26,29,698,0.99,1,0.99
1269,235,2023-10-26,29,704,0.99,1,0.99
1270,235,2023-10-26,29,710,0.99,1,0.99
1271,235,2023-10-26,29,716,0.99,1,0.99
1272,235,2023-10-26,29,722,0.99,1,0.99
1273,235,2023-10-26,29,728,0.99,1,0.99
1274,235,2023-10-26,29,734,0.99,1,0.99
1275,235,2023-10-26,29,740,0.99,1,0.99
1276,236,2023-10-31,38,749,0.99,1,0.99
1277,236,2023-10-31,38,758,0.99,1,0.99
1278,236,2023-10-31,38,767,0.99,1,0.99
1279,236,2023-10-31,38,776,0.99,1,0.99
1280,236,2023-10-31,38,785,0.99,1,0.99
1281,236,2023-10-31,38,794,0.99,1,0.99
1282,236,2023-10-31,38,803,0.99,1,0.99
1283,236,2023-10-31,38,812,0.99,1,0.99
1284,236,2023-10-31,38,821,0.99,1,0.99
1285,236,2023-10-31,38,830,0.99,1,0.99
1286,236,2023-10-31,38,839,0.99,1,0.99
1287,236,2023-10-31,38,848,0.99,1,0.99
1288,236,2023-10-31,38,857,0.99,1,0.99
1289,236,2023-10-31,38,866,0.99,1,0.99
1290,237,2023-11-08,52,880,0.99,1,0.99
1291,238,2023-11-21,53,881,0.99,1,0.99
1292,238,2023-11-21,53,882,0.99,1,0.99
1293,239,2023-11-21,55,884,0.99,1,0.99
1294,239,2023-11-21,55,886,0.99,1,0.99
1295,240,2023-11-22,57,888,0.99,1,0.99
1296,240,2023-11-22,57,890,0.99,1,0.99
1297,240,2023-11-22,57,892,0.99,1,0.99
1298,240,2023-11-22,57,894,0.99,1,0.99
1299,241,2023-11-23,2,898,0.99,1,0.99
1300,241,2023-11-23,2,902,0.99,1,0.99
1301,241,2023-11-23,2,906,0.99,1,0.99
1302,241,2023-11-23,2,910,0.99,1,0.99
1303,241,2023-11-23,2,914,0.99,1,0.99
1304,241,2023-11-23,2,918,0.99,1,0.99
1305,242,2023-11-26,8,924,0.99,1,0.99
1306,242,2023-11-26,8,930,0.99,1,0.99
1307,242,2023-11-26,8,936,0.99,1,0.99
1308,242,2023-11-26,8,942,0.99,1,0.99
1309,242,2023-11-26,8,948,0.99,1,0.99
1310,242,2023-11-26,8,954,0.99,1,0.99
1311,242,2023-11-26,8,960,0.99,1,0.99
1312,242,2023-11-26,8,966,0.99,1,0.99
1313,242,2023-11-26,8,972,0.99,1,0.99
1314,243,2023-12-01,17,981,0.99,1,0.99
1315,243,2023-12-01,17,990,0.99,1,0.99
1316,243,2023-12-01,17,999,0.99,1,0.99
1317,243,2023-12-01,17,1008,0.99,1,0.99
1318,243,2023-12-01,17,1017,0.99,1,0.99
1319,243,2023-12-01,17,1026,0.99,1,0.99
1320,243,2023-12-01,17,1035,0.99,1,0.99
1321,243,2023-12-01,17,1044,0.99,1,0.99
1322,243,2023-12-01,17,1053,0.99,1,0.99
1323,243,2023-12-01,17,1062,0.99,1,0.99
1324,243,2023-12-01,17,1071,0.99,1,0.99
1325,243,2023-12-01,17,1080,0.99,1,0.99
1326,243,2023-12-01,17,1089,0.99,1,0.99
1327,243,2023-12-01,17,1098,0.99,1,0.99
1328,244,2023-12-09,31,1112,0.99,1,0.99
1329,245,2023-12-22,32,1113,0.99,1,0.99
1330,245,2023-12-22,32,1114,0.99,1,0.99
1331,246,2023-12-22,34,1116,0.99,1,0.99
1332,246,2023-12-22,34,1118,0.99,1,0.99
1333,247,2023-12-23,36,1120,0.99,1,0.99
1334,247,2023-12-23,36,1122,0.99,1,0.99
1335,247,2023-12-23,36,1124,0.99,1,0.99
1336,247,2023-12-23,36,1126,0.99,1,0.99
1337,248,2023-12-24,40,1130,0.99,1,0.99
1338,248,2023-12-24,40,1134,0.99,1,0.99
1339,248,2023-12-24,40,1138,0.99,1,0.99
1340,248,2023-12-24,40,1142,0.99,1,0.99
1341,248,2023-12-24,40,1146,0.99,1,0.99
1342,248,2023-12-24,40,1150,0.99,1,0.99
1343,249,2023-12-27,46,1156,0.99,1,0.99
1344,249,2023-12-27,46,1162,0.99,1,0.99
1345,249,2023-12-27,46,1168,0.99,1,0.99
1346,249,2023-12-27,46,1174,0.99,1,0.99
1347,249,2023-12-27,46,1180,0.99,1,0.99
1348,249,2023-12-27,46,1186,0.99,1,0.99
1349,249,2023-12-27,46,1192,0.99,1,0.99
1350,249,2023-12-27,46,1198,0.99,1,0.99
1351,249,2023-12-27,46,1204,0.99,1,0.99
1352,250,2024-01-01,55,1213,0.99,1,0.99
1353,250,2024-01-01,55,1222,0.99,1,0.99
1354,250,2024-01-01,55,1231,0.99,1,0.99
1355,250,2024-01-01,55,1240,0.99,1,0.99
1356,250,2024-01-01,55,1249,0.99,1,0.99
1357,250,2024-01-01,55,1258,0.99,1,0.99
1358,250,2024-01-01,55,1267,0.99,1,0.99
1359,250,2024-01-01,55,1276,0.99,1,0.99
1360,250,2024-01-01,55,1285,0.99,1,0.99
1361,250,2024-01-01,55,1294,0.99,1,0.99
1362,250,2024-01-01,55,1303,0.99,1,0.99
1363,250,2024-01-01,55,1312,0.99,1,0.99
1364,250,2024-01-01,55,1321,0.99,1,0.99
1365,250,2024-01-01,55,1330,0.99,1,0.99
1366,251,2024-01-09,10,1344,0.99,1,0.99
1367,252,2024-01-22,11,1345,0.99,1,0.99
1368,252,2024-01-22,11,1346,0.99,1,0.99
1369,253,2024-01-22,13,1348,0.99,1,0.99
1370,253,2024-01-22,13,1350,0.99,1,0.99
1371,254,2024-01-23,15,1352,0.99,1,0.99
1372,254,2024-01-23,15,1354,0.99,1,0.99
1373,254,2024-01-23,15,1356,0.99,1,0.99
1374,254,2024-01-23,15,1358,0.99,1,0.99
1375,255,2024-01-24,19,1362,0.99,1,0.99
1376,255,2024-01-24,19,1366,0.99,1,0.99
1377,255,2024-01-24,19,1370,0.99,1,0.99
1378,255,2024-01-24,19,1374,0.99,1,0.99
1379,255,2024-01-24,19,1378,0.99,1,0.99
1380,255,2024-01-24,19,1382,0.99,1,0.99
1381,256,2024-01-27,25,1388,0.99,1,0.99
1382,256,2024-01-27,25,1394,0.99,1,0.99
1383,256,2024-01-27,25,1400,0.99,1,0.99
1384,256,2024-01-27,25,1406,0.99,1,0.99
1385,256,2024-01-27,25,1412,0.99,1,0.99
1386,256,2024-01-27,25,1418,0.99,1,0.99
1387,256,2024-01-27,25,1424,0.99,1,0.99
1388,256,2024-01-27,25,1430,0.99,1,0.99
1389,256,2024-01-27,25,1436,0.99,1,0.99
1390,257,2024-02-01,34,1445,0.99,1,0.99
1391,257,2024-02-01,34,1454,0.99,1,0.99
1392,257,2024-02-01,34,1463,0.99,1,0.99
1393,257,2024-02-01,34,1472,0.99,1,0.99
1394,257,2024-02-01,34,1481,0.99,1,0.99
1395,257,2024-02-01,34,1490,0.99,1,0.99
1396,257,2024-02-01,34,1499,0.99,1,0.99
1397,257,2024-02-01,34,1508,0.99,1,0.99
1398,257,2024-02-01,34,1517,0.99,1,0.99
1399,257,2024-02-01,34,1526,0.99,1,0.99
1400,257,2024-02-01,34,1535,0.99,1,0.99
1401,257,2024-02-01,34,1544,0.99,1,0.99
1402,257,2024-02-01,34,1553,0.99,1,0.99
1403,257,2024-02-01,34,1562,0.99,1,0.99
1404,258,2024-02-09,48,1576,0.99,1,0.99
1405,259,2024-02-22,49,1577,0.99,1,0.99
1406,259,2024-02-22,49,1578,0.99,1,0.99
1407,260,2024-02-22,51,1580,0.99,1,0.99
1408,260,2024-02-22,51,1582,0.99,1,0.99
1409,261,2024-02-23,53,1584,0.99,1,0.99
1410,261,2024-02-23,53,1586,0.99,1,0.99
1411,261,2024-02-23,53,1588,0.99,1,0.99
1412,261,2024-02-23,53,1590,0.99,1,0.99
1413,262,2024-02-24,57,1594,0.99,1,0.99
1414,262,2024-02-24,57,1598,0.99,1,0.99
1415,262,2024-02-24,57,1602,0.99,1,0.99
1416,262,2024-02-24,57,1606,0.99,1,0.99
1417,262,2024-02-24,57,1610,0.99,1,0.99
1418,262,2024-02-24,57,1614,0.99,1,0.99
1419,263,2024-02-27,4,1620,0.99,1,0.99
1420,263,2024-02-27,4,1626,0.99,1,0.99
1421,263,2024-02-27,4,1632,0.99,1,0.99
1422,263,2024-02-27,4,1638,0.99,1,0.99
1423,263,2024-02-27,4,1644,0.99,1,0.99
1424,263,2024-02-27,4,1650,0.99,1,0.99
1425,263,2024-02-27,4,1656,0.99,1,0.99
1426,263,2024-02-27,4,1662,0.99,1,0.99
1427,263,2024-02-27,4,1668,0.99,1,0.99
1428,264,2024-03-03,13,1677,0.99,1,0.99
1429,264,2024-03-03,13,1686,0.99,1,0.99
1430,264,2024-03-03,13,1695,0.99,1,0.99
1431,264,2024-03-03,13,1704,0.99,1,0.99
1432,264,2024-03-03,13,1713,0.99,1,0.99
1433,264,2024-03-03,13,1722,0.99,1,0.99
1434,264,2024-03-03,13,1731,0.99,1,0.99
1435,264,2024-03-03,13,1740,0.99,1,0.99
1436,264,2024-03-03,13,1749,0.99,1,0.99
1437,264,2024-03-03,13,1758,0.99,1,0.99
1438,264,2024-03-03,13,1767,0.99,1,0.99
1439,264,2024-03-03,13,1776,0.99,1,0.99
1440,264,2024-03-03,13,1785,0.99,1,0.99
1441,264,2024-03-03,13,1794,0.99,1,0.99
1442,265,2024-03-11,27,1808,0.99,1,0.99
1443,266,2024-03-24,28,1809,0.99,1,0.99
1444,266,2024-03-24,28,1810,0.99,1,0.99
1445,267,2024-03-24,30,1812,0.99,1,0.99
1446,267,2024-03-24,30,1814,0.99,1,0.99
1447,268,2024-03-25,32,1816,0.99,1,0.99
1448,268,2024-03-25,32,1818,0.99,1,0.99
1449,268,2024-03-25,32,1820,0.99,1,0.99
1450,268,2024-03-25,32,1822,0.99,1,0.99
1451,269,2024-03-26,36,1826,0.99,1,0.99
1452,269,2024-03-26,36,1830,0.99,1,0.99
1453,269,2024-03-26,36,1834,0.99,1,0.99
1454,269,2024-03-26,36,1838,0.99,1,0.99
1455,269,2024-03-26,36,1842,0.99,1,0.99
1456,269,2024-03-26,36,1846,0.99,1,0.99
1457,270,2024-03-29,42,1852,0.99,1,0.99
1458,270,2024-03-29,42,1858,0.99,1,0.99
1459,270,2024-03-29,42,1864,0.99,1,0.99
1460,270,2024-03-29,42,1870,0.99,1,0.99
1461,270,2024-03-29,42,1876,0.99,1,0.99
1462,270,2024-03-29,42,1882,0.99,1,0.99
1463,270,2024-03-29,42,1888,0.99,1,0.99
1464,270,2024-03-29,42,1894,0.99,1,0.99
1465,270,2024-03-29,42,1900,0.99,1,0.99
1466,271,2024-04-03,51,1909,0.99,1,0.99
1467,271,2024-04-03,51,1918,0.99,1,0.99
1468,271,2024-04-03,51,1927,0.99,1,0.99
1469,271,2024-04-03,51,1936,0.99,1,0.99
1470,271,2024-04-03,51,1945,0.99,1,0.99
1471,271,2024-04-03,51,1954,0.99,1,0.99
1472,271,2024-04-03,51,1963,0.99,1,0.99
1473,271,2024-04-03,51,1972,0.99,1,0.99
1474,271,2024-04-03,51,1981,0.99,1,0.99
1475,271,2024-04-03,51,1990,0.99,1,0.99
1476,271,2024-04-03,51,1999,0.99,1,0.99
1477,271,2024-04-03,51,2008,0.99,1,0.99
1478,271,2024-04-03,51,2017,0.99,1,0.99
1479,271,2024-04-03,51,2026,0.99,1,0.99
1480,272,2024-04-11,6,2040,0.99,1,0.99
1481,273,2024-04-24,7,2041,0.99,1,0.99
1482,273,2024-04-24,7,2042,0.99,1,0.99
1483,274,2024-04-24,9,2044,0.99,1,0.99
1484,274,2024-04-24,9,2046,0.99,1,0.99
1485,275,2024-04-25,11,2048,0.99,1,0.99
1486,275,2024-04-25,11,2050,0.99,1,0.99
1487,275,2024-04-25,11,2052,0.99,1,0.99
1488,275,2024-04-25,11,2054,0.99,1,0.99
1489,276,2024-04-26,15,2058,0.99,1,0.99
1490,276,2024-04-26,15,2062,0.99,1,0.99
1491,276,2024-04-26,15,2066,0.99,1,0.99
1492,276,2024-04-26,15,2070,0.99,1,0.99
1493,276,2024-04-26,15,2074,0.99,1,0.99
1494,276,2024-04-26,15,2078,0.99,1,0.99
1495,277,2024-04-29,21,2084,0.99,1,0.99
1496,277,2024-04-29,21,2090,0.99,1,0.99
1497,277,2024-04-29,21,2096,0.99,1,0.99
1498,277,2024-04-29,21,2102,0.99,1,0.99
1499,277,2024-04-29,21,2108,0.99,1,0.99
1500,277,2024-04-29,21,2114,0.99,1,0.99
1501,277,2024-04-29,21,2120,0.99,1,0.99
1502,277,2024-04-29,21,2126,0.99,1,0.99
1503,277,2024-04-29,21,2132,0.99,1,0.99
1504,278,2024-05-04,30,2141,0.99,1,0.99
1505,278,2024-05-04,30,2150,0.99,1,0.99
1506,278,2024-05-04,30,2159,0.99,1,0.99
1507,278,2024-05-04,30,2168,0.99,1,0.99
1508,278,2024-05-04,30,2177,0.99,1,0.99
1509,278,2024-05-04,30,2186,0.99,1,0.99
1510,278,2024-05-04,30,2195,0.99,1,0.99
1511,278,2024-05-04,30,2204,0.99,1,0.99
1512,278,2024-05-04,30,2213,0.99,1,0.99
1513,278,2024-05-04,30,2222,0.99,1,0.99
1514,278,2024-05-04,30,2231,0.99,1,0.99
1515,278,2024-05-04,30,2240,0.99,1,0.99
1516,278,2024-05-04,30,2249,0.99,1,0.99
1517,278,2024-05-04,30,2258,0.99,1,0.99
1518,279,2024-05-12,44,2272,0.99,1,0.99
1519,280,2024-05-25,45,2273,0.99,1,0.99
1520,280,2024-05-25,45,2274,0.99,1,0.99
1521,281,2024-05-25,47,2276,0.99,1,0.99
1522,281,2024-05-25,47,2278,0.99,1,0.99
1523,282,2024-05-26,49,2280,0.99,1,0.99
1524,282,2024-05-26,49,2282,0.99,1,0.99
1525,282,2024-05-26,49,2284,0.99,1,0.99
1526,282,2024-05-26,49,2286,0.99,1,0.99
1527,283,2024-05-27,53,2290,0.99,1,0.99
1528,283,2024-05-27,53,2294,0.99,1,0.99
1529,283,2024-05-27,53,2298,0.99,1,0.99
1530,283,2024-05-27,53,2302,0.99,1,0.99
1531,283,2024-05-27,53,2306,0.99,1,0.99
1532,283,2024-05-27,53,2310,0.99,1,0.99
1533,284,2024-05-30,59,2316,0.99,1,0.99
1534,284,2024-05-30,59,2322,0.99,1,0.99
1535,284,2024-05-30,59,2328,0.99,1,0.99
1536,284,2024-05-30,59,2334,0.99,1,0.99
1537,284,2024-05-30,59,2340,0.99,1,0.99
1538,284,2024-05-30,59,2346,0.99,1,0.99
1539,284,2024-05-30,59,2352,0.99,1,0.99
1540,284,2024-05-30,59,2358,0.99,1,0.99
1541,284,2024-05-30,59,2364,0.99,1,0.99
1542,285,2024-06-04,9,2373,0.99,1,0.99
1543,285,2024-06-04,9,2382,0.99,1,0.99
1544,285,2024-06-04,9,2391,0.99,1,0.99
1545,285,2024-06-04,9,2400,0.99,1,0.99
1546,285,2024-06-04,9,2409,0.99,1,0.99
1547,285,2024-06-04,9,2418,0.99,1,0.99
1548,285,2024-06-04,9,2427,0.99,1,0.99
1549,285,2024-06-04,9,2436,0.99,1,0.99
1550,285,2024-06-04,9,2445,0.99,1,0.99
1551,285,2024-06-04,9,2454,0.99,1,0.99
1552,285,2024-06-04,9,2463,0.99,1,0.99
1553,285,2024-06-04,9,2472,0.99,1,0.99
1554,285,2024-06-04,9,2481,0.99,1,0.99
1555,285,2024-06-04,9,2490,0.99,1,0.99
1556,286,2024-06-12,23,2504,0.99,1,0.99
1557,287,2024-06-25,24,2505,0.99,1,0.99
1558,287,2024-06-25,24,2506,0.99,1,0.99
1559,288,2024-06-25,26,2508,0.99,1,0.99
1560,288,2024-06-25,26,2510,0.99,1,0.99
1561,289,2024-06-26,28,2512,0.99,1,0.99
1562,289,2024-06-26,28,2514,0.99,1,0.99
1563,289,2024-06-26,28,2516,0.99,1,0.99
1564,289,2024-06-26,28,2518,0.99,1,0.99
1565,290,2024-06-27,32,2522,0.99,1,0.99
1566,290,2024-06-27,32,2526,0.99,1,0.99
1567,290,2024-06-27,32,2530,0.99,1,0.99
1568,290,2024-06-27,32,2534,0.99,1,0.99
1569,290,2024-06-27,32,2538,0.99,1,0.99
1570,290,2024-06-27,32,2542,0.99,1,0.99
1571,291,2024-06-30,38,2548,0.99,1,0.99
1572,291,2024-06-30,38,2554,0.99,1,0.99
1573,291,2024-06-30,38,2560,0.99,1,0.99
1574,291,2024-06-30,38,2566,0.99,1,0.99
1575,291,2024-06-30,38,2572,0.99,1,0.99
1576,291,2024-06-30,38,2578,0.99,1,0.99
1577,291,2024-06-30,38,2584,0.99,1,0.99
1578,291,2024-06-30,38,2590,0.99,1,0.99
1579,291,2024-06-30,38,2596,0.99,1,0.99
1580,292,2024-07-05,47,2605,0.99,1,0.99
1581,292,2024-07-05,47,2614,0.99,1,0.99
1582,292,2024-07-05,47,2623,0.99,1,0.99
1583,292,2024-07-05,47,2632,0.99,1,0.99
1584,292,2024-07-05,47,2641,0.99,1,0.99
1585,292,2024-07-05,47,2650,0.99,1,0.99
1586,292,2024-07-05,47,2659,0.99,1,0.99
1587,292,2024-07-05,47,2668,0.99,1,0.99
1588,292,2024-07-05,47,2677,0.99,1,0.99
1589,292,2024-07-05,47,2686,0.99,1,0.99
1590,292,2024-07-05,47,2695,0.99,1,0.99
1591,292,2024-07-05,47,2704,0.99,1,0.99
1592,292,2024-07-05,47,2713,0.99,1,0.99
1593,292,2024-07-05,47,2722,0.99,1,0.99
1594,293,2024-07-13,2,2736,0.99,1,0.99
1595,294,2024-07-26,3,2737,0.99,1,0.99
1596,294,2024-07-26,3,2738,0.99,1,0.99
1597,295,2024-07-26,5,2740,0.99,1,0.99
1598,295,2024-07-26,5,2742,0.99,1,0.99
1599,296,2024-07-27,7,2744,0.99,1,0.99
1600,296,2024-07-27,7,2746,0.99,1,0.99
1601,296,2024-07-27,7,2748,0.99,1,0.99
1602,296,2024-07-27,7,2750,0.99,1,0.99
1603,297,2024-07-28,11,2754,0.99,1,0.99
1604,297,2024-07-28,11,2758,0.99,1,0.99
1605,297,2024-07-28,11,2762,0.99,1,0.99
1606,297,2024-07-28,11,2766,0.99,1,0.99
1607,297,2024-07-28,11,2770,0.99,1,0.99
1608,297,2024-07-28,11,2774,0.99,1,0.99
1609,298,2024-07-31,17,2780,0.99,1,0.99
1610,298,2024-07-31,17,2786,0.99,1,0.99
1611,298,2024-07-31,17,2792,0.99,1,0.99
1612,298,2024-07-31,17,2798,0.99,1,0.99
1613,298,2024-07-31,17,2804,0.99,1,0.99
1614,298,2024-07-31,17,2810,0.99,1,0.99
1615,298,2024-07-31,17,2816,0.99,1,0.99
1616,298,2024-07-31,17,2822,1.99,1,1.99
1617,298,2024-07-31,17,2828,1.99,1,1.99
1618,299,2024-08-05,26,2837,1.99,1,1.99
1619,299,2024-08-05,26,2846,1.99,1,1.99
1620,299,2024-08-05,26,2855,1.99,1,1.99
1621,299,2024-08-05,26,2864,1.99,1,1.99
1622,299,2024-08-05,26,2873,1.99,1,1.99
1623,299,2024-08-05,26,2882,1.99,1,1.99
1624,299,2024-08-05,26,2891,1.99,1,1.99
1625,299,2024-08-05,26,2900,1.99,1,1.99
1626,299,2024-08-05,26,2909,1.99,1,1.99
1627,299,2024-08-05,26,2918,1.99,1,1.99
1628,299,2024-08-05,26,2927,0.99,1,0.99
1629,299,2024-08-05,26,2936,0.99,1,0.99
1630,299,2024-08-05,26,2945,0.99,1,0.99
1631,299,2024-08-05,26,2954,0.99,1,0.99
1632,300,2024-08-13,40,2968,0.99,1,0.99
1633,301,2024-08-26,41,2969,0.99,1,0.99
1634,301,2024-08-26,41,2970,0.99,1,0.99
1635,302,2024-08-26,43,2972,0.99,1,0.99
1636,302,2024-08-26,43,2974,0.99,1,0.99
1637,303,2024-08-27,45,2976,0.99,1,0.99
1638,303,2024-08-27,45,2978,0.99,1,0.99
1639,303,2024-08-27,45,2980,0.99,1,0.99
1640,303,2024-08-27,45,2982,0.99,1,0.99
1641,304,2024-08-28,49,2986,0.99,1,0.99
1642,304,2024-08-28,49,2990,0.99,1,0.99
1643,304,2024-08-28,49,2994,0.99,1,0.99
1644,304,2024-08-28,49,2998,0.99,1,0.99
1645,304,2024-08-28,49,3002,0.99,1,0.99
1646,304,2024-08-28,49,3006,0.99,1,0.99
1647,305,2024-08-31,55,3012,0.99,1,0.99
1648,305,2024-08-31,55,3018,0.99,1,0.99
1649,305,2024-08-31,55,3024,0.99,1,0.99
1650,305,2024-08-31,55,3030,0.99,1,0.99
1651,305,2024-08-31,55,3036,0.99,1,0.99
1652,305,2024-08-31,55,3042,0.99,1,0.99
1653,305,2024-08-31,55,3048,0.99,1,0.99
1654,305,2024-08-31,55,3054,0.99,1,0.99
1655,305,2024-08-31,55,3060,0.99,1,0.99
1656,306,2024-09-05,5,3069,0.99,1,0.99
1657,306,2024-09-05,5,3078,0.99,1,0.99
1658,306,2024-09-05,5,3087,0.99,1,0.99
1659,306,2024-09-05,5,3096,0.99,1,0.99
1660,306,2024-09-05,5,3105,0.99,1,0.99
1661,306,2024-09-05,5,3114,0.99,1,0.99
1662,306,2024-09-05,5,3123,0.99,1,0.99
1663,306,2024-09-05,5,3132,0.99,1,0.99
1664,306,2024-09-05,5,3141,0.99,1,0.99
1665,306,2024-09-05,5,3150,0.99,1,0.99
1666,306,2024-09-05,5,3159,0.99,1,0.99
1667,306,2024-09-05,5,3168,1.99,1,1.99
1668,306,2024-09-05,5,3177,1.99,1,1.99
1669,306,2024-09-05,5,3186,1.99,1,1.99
1670,307,2024-09-13,19,3200,1.99,1,1.99
1671,308,2024-09-26,20,3201,1.99,1,1.99
1672,308,2024-09-26,20,3202,1.99,1,1.99
1673,309,2024-09-26,22,3204,1.99,1,1.99
1674,309,2024-09-26,22,3206,1.99,1,1.99
1675,310,2024-09-27,24,3208,1.99,1,1.99
1676,310,2024-09-27,24,3210,1.99,1,1.99
1677,310,2024-09-27,24,3212,1.99,1,1.99
1678,310,2024-09-27,24,3214,1.99,1,1.99
1679,311,2024-09-28,28,3218,1.99,1,1.99
1680,311,2024-09-28,28,3222,1.99,1,1.99
1681,311,2024-09-28,28,3226,1.99,1,1.99
1682,311,2024-09-28,28,3230,1.99,1,1.99
1683,311,2024-09-28,28,3234,1.99,1,1.99
1684,311,2024-09-28,28,3238,1.99,1,1.99
1685,312,2024-10-01,34,3244,1.99,1,1.99
1686,312,2024-10-01,34,3250,1.99,1,1.99
1687,312,2024-10-01,34,3256,0.99,1,0.99
1688,312,2024-10-01,34,3262,0.99,1,0.99
1689,312,2024-10-01,34,3268,0.99,1,0.99
1690,312,2024-10-01,34,3274,0.99,1,0.99
1691,312,2024-10-01,34,3280,0.99,1,0.99
1692,312,2024-10-01,34,3286,0.99,1,0.99
1693,312,2024-10-01,34,3292,0.99,1,0.99
1694,313,2024-10-06,43,3301,0.99,1,0.99
1695,313,2024-10-06,43,3310,0.99,1,0.99
1696,313,2024-10-06,43,3319,0.99,1,0.99
1697,313,2024-10-06,43,3328,0.99,1,0.99
1698,313,2024-10-06,43,3337,1.99,1,1.99
1699,313,2024-10-06,43,3346,1.99,1,1.99
1700,313,2024-10-06,43,3355,0.99,1,0.99
1701,313,2024-10-06,43,3364,1.99,1,1.99
1702,313,2024-10-06,43,3373,0.99,1,0.99
1703,313,2024-10-06,43,3382,0.99,1,0.99
1704,313,2024-10-06,43,3391,0.99,1,0.99
1705,313,2024-10-06,43,3400,0.99,1,0.99
1706,313,2024-10-06,43,3409,0.99,1,0.99
1707,313,2024-10-06,43,3418,0.99,1,0.99
1708,314,2024-10-14,57,3432,0.99,1,0.99
1709,315,2024-10-27,58,3433,0.99,1,0.99
1710,315,2024-10-27,58,3434,0.99,1,0.99
1711,316,2024-10-27,1,3436,0.99,1,0.99
1712,316,2024-10-27,1,3438,0.99,1,0.99
1713,317,2024-10-28,3,3440,0.99,1,0.99
1714,317,2024-10-28,3,3442,0.99,1,0.99
1715,317,2024-10-28,3,3444,0.99,1,0.99
1716,317,2024-10-28,3,3446,0.99,1,0.99
1717,318,2024-10-29,7,3450,0.99,1,0.99
1718,318,2024-10-29,7,3454,0.99,1,0.99
1719,318,2024-10-29,7,3458,0.99,1,0.99
1720,318,2024-10-29,7,3462,0.99,1,0.99
1721,318,2024-10-29,7,3466,0.99,1,0.99
1722,318,2024-10-29,7,3470,0.99,1,0.99
1723,319,2024-11-01,13,3476,0.99,1,0.99
1724,319,2024-11-01,13,3482,0.99,1,0.99
1725,319,2024-11-01,13,3488,0.99,1,0.99
1726,319,2024-11-01,13,3494,0.99,1,0.99
1727,319,2024-11-01,13,3500,0.99,1,0.99
1728,319,2024-11-01,13,3,0.99,1,0.99
1729,319,2024-11-01,13,9,0.99,1,0.99
1730,319,2024-11-01,13,15,0.99,1,0.99
1731,319,2024-11-01,13,21,0.99,1,0.99
1732,320,2024-11-06,22,30,0.99,1,0.99
1733,320,2024-11-06,22,39,0.99,1,0.99
1734,320,2024-11-06,22,48,0.99,1,0.99
1735,320,2024-11-06,22,57,0.99,1,0.99
1736,320,2024-11-06,22,66,0.99,1,0.99
1737,320,2024-11-06,22,75,0.99,1,0.99
1738,320,2024-11-06,22,84,0.99,1,0.99
1739,320,2024-11-06,22,93,0.99,1,0.99
1740,320,2024-11-06,22,102,0.99,1,0.99
1741,320,2024-11-06,22,111,0.99,1,0.99
1742,320,2024-11-06,22,120,0.99,1,0.99
1743,320,2024-11-06,22,129,0.99,1,0.99
1744,320,2024-11-06,22,138,0.99,1,0.99
1745,320,2024-11-06,22,147,0.99,1,0.99
1746,321,2024-11-14,36,161,0.99,1,0.99
1747,322,2024-11-27,37,162,0.99,1,0.99
1748,322,2024-11-27,37,163,0.99,1,0.99
1749,323,2024-11-27,39,165,0.99,1,0.99
1750,323,2024-11-27,39,167,0.99,1,0.99
1751,324,2024-11-28,41,169,0.99,1,0.99
1752,324,2024-11-28,41,171,0.99,1,0.99
1753,324,2024-11-28,41,173,0.99,1,0.99
1754,324,2024-11-28,41,175,0.99,1,0.99
1755,325,2024-11-29,45,179,0.99,1,0.99
1756,325,2024-11-29,45,183,0.99,1,0.99
1757,325,2024-11-29,45,187,0.99,1,0.99
1758,325,2024-11-29,45,191,0.99,1,0.99
1759,325,2024-11-29,45,195,0.99,1,0.99
1760,325,2024-11-29,45,199,0.99,1,0.99
1761,326,2024-12-02,51,205,0.99,1,0.99
1762,326,2024-12-02,51,211,0.99,1,0.99
1763,326,2024-12-02,51,217,0.99,1,0.99
1764,326,2024-12-02,51,223,0.99,1,0.99
1765,326,2024-12-02,51,229,0.99,1,0.99
1766,326,2024-12-02,51,235,0.99,1,0.99
1767,326,2024-12-02,51,241,0.99,1,0.99
1768,326,2024-12-02,51,247,0.99,1,0.99
1769,326,2024-12-02,51,253,0.99,1,0.99
1770,327,2024-12-07,1,262,0.99,1,0.99
1771,327,2024-12-07,1,271,0.99,1,0.99
1772,327,2024-12-07,1,280,0.99,1,0.99
1773,327,2024-12-07,1,289,0.99,1,0.99
1774,327,2024-12-07,1,298,0.99,1,0.99
1775,327,2024-12-07,1,307,0.99,1,0.99
1776,327,2024-12-07,1,316,0.99,1,0.99
1777,327,2024-12-07,1,325,0.99,1,0.99
1778,327,2024-12-07,1,334,0.99,1,0.99
1779,327,2024-12-07,1,343,0.99,1,0.99
1780,327,2024-12-07,1,352,0.99,1,0.99
1781,327,2024-12-07,1,361,0.99,1,0.99
1782,327,2024-12-07,1,370,0.99,1,0.99
1783,327,2024-12-07,1,379,0.99,1,0.99
1784,328,2024-12-15,15,393,0.99,1,0.99
1785,329,2024-12-28,16,394,0.99,1,0.99
1786,329,2024-12-28,16,395,0.99,1,0.99
1787,330,2024-12-28,18,397,0.99,1,0.99
1788,330,2024-12-28,18,399,0.99,1,0.99
1789,331,2024-12-29,20,401,0.99,1,0.99
1790,331,2024-12-29,20,403,0.99,1,0.99
1791,331,2024-12-29,20,405,0.99,1,0.99
1792,331,2024-12-29,20,407,0.99,1,0.99
1793,332,2024-12-30,24,411,0.99,1,0.99
1794,332,2024-12-30,24,415,0.99,1,0.99
1795,332,2024-12-30,24,419,0.99,1,0.99
1796,332,2024-12-30,24,423,0.99,1,0.99
1797,332,2024-12-30,24,427,0.99,1,0.99
1798,332,2024-12-30,24,431,0.99,1,0.99
1799,333,2025-01-02,30,437,0.99,1,0.99
1800,333,2025-01-02,30,443,0.99,1,0.99
1801,333,2025-01-02,30,449,0.99,1,0.99
1802,333,2025-01-02,30,455,0.99,1,0.99
1803,333,2025-01-02,30,461,0.99,1,0.99
1804,333,2025-01-02,30,467,0.99,1,0.99
1805,333,2025-01-02,30,473,0.99,1,0.99
1806,333,2025-01-02,30,479,0.99,1,0.99
1807,333,2025-01-02,30,485,0.99,1,0.99
1808,334,2025-01-07,39,494,0.99,1,0.99
1809,334,2025-01-07,39,503,0.99,1,0.99
1810,334,2025-01-07,39,512,0.99,1,0.99
1811,334,2025-01-07,39,521,0.99,1,0.99
1812,334,2025-01-07,39,530,0.99,1,0.99
1813,334,2025-01-07,39,539,0.99,1,0.99
1814,334,2025-01-07,39,548,0.99,1,0.99
1815,334,2025-01-07,39,557,0.99,1,0.99
1816,334,2025-01-07,39,566,0.99,1,0.99
1817,334,2025-01-07,39,575,0.99,1,0.99
1818,334,2025-01-07,39,584,0.99,1,0.99
1819,334,2025-01-07,39,593,0.99,1,0.99
1820,334,2025-01-07,39,602,0.99,1,0.99
1821,334,2025-01-07,39,611,0.99,1,0.99
1822,335,2025-01-15,53,625,0.99,1,0.99
1823,336,2025-01-28,54,626,0.99,1,0.99
1824,336,2025-01-28,54,627,0.99,1,0.99
1825,337,2025-01-28,56,629,0.99,1,0.99
1826,337,2025-01-28,56,631,0.99,1,0.99
1827,338,2025-01-29,58,633,0.99,1,0.99
1828,338,2025-01-29,58,635,0.99,1,0.99
1829,338,2025-01-29,58,637,0.99,1,0.99
1830,338,2025-01-29,58,639,0.99,1,0.99
1831,339,2025-01-30,3,643,0.99,1,0.99
1832,339,2025-01-30,3,647,0.99,1,0.99
1833,339,2025-01-30,3,651,0.99,1,0.99
1834,339,2025-01-30,3,655,0.99,1,0.99
1835,339,2025-01-30,3,659,0.99,1,0.99
1836,339,2025-01-30,3,663,0.99,1,0.99
1837,340,2025-02-02,9,669,0.99,1,0.99
1838,340,2025-02-02,9,675,0.99,1,0.99
1839,340,2025-02-02,9,681,0.99,1,0.99
1840,340,2025-02-02,9,687,0.99,1,0.99
1841,340,2025-02-02,9,693,0.99,1,0.99
1842,340,2025-02-02,9,699,0.99,1,0.99
1843,340,2025-02-02,9,705,0.99,1,0.99
1844,340,2025-02-02,9,711,0.99,1,0.99
1845,340,2025-02-02,9,717,0.99,1,0.99
1846,341,2025-02-07,18,726,0.99,1,0.99
1847,341,2025-02-07,18,735,0.99,1,0.99
1848,341,2025-02-07,18,744,0.99,1,0.99
1849,341,2025-02-07,18,753,0.99,1,0.99
1850,341,2025-02-07,18,762,0.99,1,0.99
1851,341,2025-02-07,18,771,0.99,1,0.99
1852,341,2025-02-07,18,780,0.99,1,0.99
1853,341,2025-02-07,18,789,0.99,1,0.99
1854,341,2025-02-07,18,798,0.99,1,0.99
1855,341,2025-02-07,18,807,0.99,1,0.99
1856,341,2025-02-07,18,816,0.99,1,0.99
1857,341,2025-02-07,18,825,0.99,1,0.99
1858,341,2025-02-07,18,834,0.99,1,0.99
1859,341,2025-02-07,18,843,0.99,1,0.99
1860,342,2025-02-15,32,857,0.99,1,0.99
1861,343,2025-02-28,33,858,0.99,1,0.99
1862,343,2025-02-28,33,859,0.99,1,0.99
1863,344,2025-02-28,35,861,0.99,1,0.99
1864,344,2025-02-28,35,863,0.99,1,0.99
1865,345,2025-03-01,37,865,0.99,1,0.99
1866,345,2025-03-01,37,867,0.99,1,0.99
1867,345,2025-03-01,37,869,0.99,1,0.99
1868,345,2025-03-01,37,871,0.99,1,0.99
1869,346,2025-03-02,41,875,0.99,1,0.99
1870,346,2025-03-02,41,879,0.99,1,0.99
1871,346,2025-03-02,41,883,0.99,1,0.99
1872,346,2025-03-02,41,887,0.99,1,0.99
1873,346,2025-03-02,41,891,0.99,1,0.99
1874,346,2025-03-02,41,895,0.99,1,0.99
1875,347,2025-03-05,47,901,0.99,1,0.99
1876,347,2025-03-05,47,907,0.99,1,0.99
1877,347,2025-03-05,47,913,0.99,1,0.99
1878,347,2025-03-05,47,919,0.99,1,0.99
1879,347,2025-03-05,47,925,0.99,1,0.99
1880,347,2025-03-05,47,931,0.99,1,0.99
1881,347,2025-03-05,47,937,0.99,1,0.99
1882,347,2025-03-05,47,943,0.99,1,0.99
1883,347,2025-03-05,47,949,0.99,1,0.99
1884,348,2025-03-10,56,958,0.99,1,0.99
1885,348,2025-03-10,56,967,0.99,1,0.99
1886,348,2025-03-10,56,976,0.99,1,0.99
1887,348,2025-03-10,56,985,0.99,1,0.99
1888,348,2025-03-10,56,994,0.99,1,0.99
1889,348,2025-03-10,56,1003,0.99,1,0.99
1890,348,2025-03-10,56,1012,0.99,1,0.99
1891,348,2025-03-10,56,1021,0.99,1,0.99
1892,348,2025-03-10,56,1030,0.99,1,0.99
1893,348,2025-03-10,56,1039,0.99,1,0.99
1894,348,2025-03-10,56,1048,0.99,1,0.99
1895,348,2025-03-10,56,1057,0.99,1,0.99
1896,348,2025-03-10,56,1066,0.99,1,0.99
1897,348,2025-03-10,56,1075,0.99,1,0.99
1898,349,2025-03-18,11,1089,0.99,1,0.99
1899,350,2025-03-31,12,1090,0.99,1,0.99
1900,350,2025-03-31,12,1091,0.99,1,0.99
1901,351,2025-03-31,14,1093,0.99,1,0.99
1902,351,2025-03-31,14,1095,0.99,1,0.99
1903,352,2025-04-01,16,1097,0.99,1,0.99
1904,352,2025-04-01,16,1099,0.99,1,0.99
1905,352,2025-04-01,16,1101,0.99,1,0.99
1906,352,2025-04-01,16,1103,0.99,1,0.99
1907,353,2025-04-02,20,1107,0.99,1,0.99
1908,353,2025-04-02,20,1111,0.99,1,0.99
1909,353,2025-04-02,20,1115,0.99,1,0.99
1910,353,2025-04-02,20,1119,0.99,1,0.99
1911,353,2025-04-02,20,1123,0.99,1,0.99
1912,353,2025-04-02,20,1127,0.99,1,0.99
1913,354,2025-04-05,26,1133,0.99,1,0.99
1914,354,2025-04-05,26,1139,0.99,1,0.99
1915,354,2025-04-05,26,1145,0.99,1,0.99
1916,354,2025-04-05,26,1151,0.99,1,0.99
1917,354,2025-04-05,26,1157,0.99,1,0.99
1918,354,2025-04-05,26,1163,0.99,1,0.99
1919,354,2025-04-05,26,1169,0.99,1,0.99
1920,354,2025-04-05,26,1175,0.99,1,0.99
1921,354,2025-04-05,26,1181,0.99,1,0.99
1922,355,2025-04-10,35,1190,0.99,1,0.99
1923,355,2025-04-10,35,1199,0.99,1,0.99
1924,355,2025-04-10,35,1208,0.99,1,0.99
1925,355,2025-04-10,35,1217,0.99,1,0.99
1926,355,2025-04-10,35,1226,0.99,1,0.99
1927,355,2025-04-10,35,1235,0.99,1,0.99
1928,355,2025-04-10,35,1244,0.99,1,0.99
1929,355,2025-04-10,35,1253,0.99,1,0.99
1930,355,2025-04-10,35,1262,0.99,1,0.99
1931,355,2025-04-10,35,1271,0.99,1,0.99
1932,355,2025-04-10,35,1280,0.99,1,0.99
1933,355,2025-04-10,35,1289,0.99,1,0.99
1934,355,2025-04-10,35,1298,0.99,1,0.99
1935,355,2025-04-10,35,1307,0.99,1,0.99
1936,356,2025-04-18,49,1321,0.99,1,0.99
1937,357,2025-05-01,50,1322,0.99,1,0.99
1938,357,2025-05-01,50,1323,0.99,1,0.99
1939,358,2025-05-01,52,1325,0.99,1,0.99
1940,358,2025-05-01,52,1327,0.99,1,0.99
1941,359,2025-05-02,54,1329,0.99,1,0.99
1942,359,2025-05-02,54,1331,0.99,1,0.99
1943,359,2025-05-02,54,1333,0.99,1,0.99
1944,359,2025-05-02,54,1335,0.99,1,0.99
1945,360,2025-05-03,58,1339,0.99,1,0.99
1946,360,2025-05-03,58,1343,0.99,1,0.99
1947,360,2025-05-03,58,1347,0.99,1,0.99
1948,360,2025-05-03,58,1351,0.99,1,0.99
1949,360,2025-05-03,58,1355,0.99,1,0.99
1950,360,2025-05-03,58,1359,0.99,1,0.99
1951,361,2025-05-06,5,1365,0.99,1,0.99
1952,361,2025-05-06,5,1371,0.99,1,0.99
1953,361,2025-05-06,5,1377,0.99,1,0.99
1954,361,2025-05-06,5,1383,0.99,1,0.99
1955,361,2025-05-06,5,1389,0.99,1,0.99
1956,361,2025-05-06,5,1395,0.99,1,0.99
1957,361,2025-05-06,5,1401,0.99,1,0.99
1958,361,2025-05-06,5,1407,0.99,1,0.99
1959,361,2025-05-06,5,1413,0.99,1,0.99
1960,362,2025-05-11,14,1422,0.99,1,0.99
1961,362,2025-05-11,14,1431,0.99,1,0.99
1962,362,2025-05-11,14,1440,0.99,1,0.99
1963,362,2025-05-11,14,1449,0.99,1,0.99
1964,362,2025-05-11,14,1458,0.99,1,0.99
1965,362,2025-05-11,14,1467,0.99,1,0.99
1966,362,2025-05-11,14,1476,0.99,1,0.99
1967,362,2025-05-11,14,1485,0.99,1,0.99
1968,362,2025-05-11,14,1494,0.99,1,0.99
1969,362,2025-05-11,14,1503,0.99,1,0.99
1970,362,2025-05-11,14,1512,0.99,1,0.99
1971,362,2025-05-11,14,1521,0.99,1,0.99
1972,362,2025-05-11,14,1530,0.99,1,0.99
1973,362,2025-05-11,14,1539,0.99,1,0.99
1974,363,2025-05-19,28,1553,0.99,1,0.99
1975,364,2025-06-01,29,1554,0.99,1,0.99
1976,364,2025-06-01,29,1555,0.99,1,0.99
1977,365,2025-06-01,31,1557,0.99,1,0.99
1978,365,2025-06-01,31,1559,0.99,1,0.99
1979,366,2025-06-02,33,1561,0.99,1,0.99
1980,366,2025-06-02,33,1563,0.99,1,0.99
1981,366,2025-06-02,33,1565,0.99,1,0.99
1982,366,2025-06-02,33,1567,0.99,1,0.99
1983,367,2025-06-03,37,1571,0.99,1,0.99
1984,367,2025-06-03,37,1575,0.99,1,0.99
1985,367,2025-06-03,37,1579,0.99,1,0.99
1986,367,2025-06-03,37,1583,0.99,1,0.99
1987,367,2025-06-03,37,1587,0.99,1,0.99
1988,367,2025-06-03,37,1591,0.99,1,0.99
1989,368,2025-06-06,43,1597,0.99,1,0.99
1990,368,2025-06-06,43,1603,0.99,1,0.99
1991,368,2025-06-06,43,1609,0.99,1,0.99
1992,368,2025-06-06,43,1615,0.99,1,0.99
1993,368,2025-06-06,43,1621,0.99,1,0.99
1994,368,2025-06-06,43,1627,0.99,1,0.99
1995,368,2025-06-06,43,1633,0.99,1,0.99
1996,368,2025-06-06,43,1639,0.99,1,0.99
1997,368,2025-06-06,43,1645,0.99,1,0.99
1998,369,2025-06-11,52,1654,0.99,1,0.99
1999,369,2025-06-11,52,1663,0.99,1,0.99
2000,369,2025-06-11,52,1672,0.99,1,0.99
2001,369,2025-06-11,52,1681,0.99,1,0.99
2002,369,2025-06-11,52,1690,0.99,1,0.99
2003,369,2025-06-11,52,1699,0.99,1,0.99
2004,369,2025-06-11,52,1708,0.99,1,0.99
2005,369,2025-06-11,52,1717,0.99,1,0.99
2006,369,2025-06-11,52,1726,0.99,1,0.99
2007,369,2025-06-11,52,1735,0.99,1,0.99
2008,369,2025-06-11,52,1744,0.99,1,0.99
2009,369,2025-06-11,52,1753,0.99,1,0.99
2010,369,2025-06-11,52,1762,0.99,1,0.99
2011,369,2025-06-11,52,1771,0.99,1,0.99
2012,370,2025-06-19,7,1785,0.99,1,0.99
2013,371,2025-07-02,8,1786,0.99,1,0.99
2014,371,2025-07-02,8,1787,0.99,1,0.99
2015,372,2025-07-02,10,1789,0.99,1,0.99
2016,372,2025-07-02,10,1791,0.99,1,0.99
2017,373,2025-07-03,12,1793,0.99,1,0.99
2018,373,2025-07-03,12,1795,0.99,1,0.99
2019,373,2025-07-03,12,1797,0.99,1,0.99
2020,373,2025-07-03,12,1799,0.99,1,0.99
2021,374,2025-07-04,16,1803,0.99,1,0.99
2022,374,2025-07-04,16,1807,0.99,1,0.99
2023,374,2025-07-04,16,1811,0.99,1,0.99
2024,374,2025-07-04,16,1815,0.99,1,0.99
2025,374,2025-07-04,16,1819,0.99,1,0.99
2026,374,2025-07-04,16,1823,0.99,1,0.99
2027,375,2025-07-07,22,1829,0.99,1,0.99
2028,375,2025-07-07,22,1835,0.99,1,0.99
2029,375,2025-07-07,22,1841,0.99,1,0.99
2030,375,2025-07-07,22,1847,0.99,1,0.99
2031,375,2025-07-07,22,1853,0.99,1,0.99
2032,375,2025-07-07,22,1859,0.99,1,0.99
2033,375,2025-07-07,22,1865,0.99,1,0.99
2034,375,2025-07-07,22,1871,0.99,1,0.99
2035,375,2025-07-07,22,1877,0.99,1,0.99
2036,376,2025-07-12,31,1886,0.99,1,0.99
2037,376,2025-07-12,31,1895,0.99,1,0.99
2038,376,2025-07-12,31,1904,0.99,1,0.99
2039,376,2025-07-12,31,1913,0.99,1,0.99
2040,376,2025-07-12,31,1922,0.99,1,0.99
2041,376,2025-07-12,31,1931,0.99,1,0.99
2042,376,2025-07-12,31,1940,0.99,1,0.99
2043,376,2025-07-12,31,1949,0.99,1,0.99
2044,376,2025-07-12,31,1958,0.99,1,0.99
2045,376,2025-07-12,31,1967,0.99,1,0.99
2046,376,2025-07-12,31,1976,0.99,1,0.99
2047,376,2025-07-12,31,1985,0.99,1,0.99
2048,376,2025-07-12,31,1994,0.99,1,0.99
2049,376,2025-07-12,31,2003,0.99,1,0.99
2050,377,2025-07-20,45,2017,0.99,1,0.99
2051,378,2025-08-02,46,2018,0.99,1,0.99
2052,378,2025-08-02,46,2019,0.99,1,0.99
2053,379,2025-08-02,48,2021,0.99,1,0.99
2054,379,2025-08-02,48,2023,0.99,1,0.99
2055,380,2025-08-03,50,2025,0.99,1,0.99
2056,380,2025-08-03,50,2027,0.99,1,0.99
2057,380,2025-08-03,50,2029,0.99,1,0.99
2058,380,2025-08-03,50,2031,0.99,1,0.99
2059,381,2025-08-04,54,2035,0.99,1,0.99
2060,381,2025-08-04,54,2039,0.99,1,0.99
2061,381,2025-08-04,54,2043,0.99,1,0.99
2062,381,2025-08-04,54,2047,0.99,1,0.99
2063,381,2025-08-04,54,2051,0.99,1,0.99
2064,381,2025-08-04,54,2055,0.99,1,0.99
2065,382,2025-08-07,1,2061,0.99,1,0.99
2066,382,2025-08-07,1,2067,0.99,1,0.99
2067,382,2025-08-07,1,2073,0.99,1,0.99
2068,382,2025-08-07,1,2079,0.99,1,0.99
2069,382,2025-08-07,1,2085,0.99,1,0.99
2070,382,2025-08-07,1,2091,0.99,1,0.99
2071,382,2025-08-07,1,2097,0.99,1,0.99
2072,382,2025-08-07,1,2103,0.99,1,0.99
2073,382,2025-08-07,1,2109,0.99,1,0.99
2074,383,2025-08-12,10,2118,0.99,1,0.99
2075,383,2025-08-12,10,2127,0.99,1,0.99
2076,383,2025-08-12,10,2136,0.99,1,0.99
2077,383,2025-08-12,10,2145,0.99,1,0.99
2078,383,2025-08-12,10,2154,0.99,1,0.99
2079,383,2025-08-12,10,2163,0.99,1,0.99
2080,383,2025-08-12,10,2172,0.99,1,0.99
2081,383,2025-08-12,10,2181,0.99,1,0.99
2082,383,2025-08-12,10,2190,0.99,1,0.99
2083,383,2025-08-12,10,2199,0.99,1,0.99
2084,383,2025-08-12,10,2208,0.99,1,0.99
2085,383,2025-08-12,10,2217,0.99,1,0.99
2086,383,2025-08-12,10,2226,0.99,1,0.99
2087,383,2025-08-12,10,2235,0.99,1,0.99
2088,384,2025-08-20,24,2249,0.99,1,0.99
2089,385,2025-09-02,25,2250,0.99,1,0.99
2090,385,2025-09-02,25,2251,0.99,1,0.99
2091,386,2025-09-02,27,2253,0.99,1,0.99
2092,386,2025-09-02,27,2255,0.99,1,0.99
2093,387,2025-09-03,29,2257,0.99,1,0.99
2094,387,2025-09-03,29,2259,0.99,1,0.99
2095,387,2025-09-03,29,2261,0.99,1,0.99
2096,387,2025-09-03,29,2263,0.99,1,0.99
2097,388,2025-09-04,33,2267,0.99,1,0.99
2098,388,2025-09-04,33,2271,0.99,1,0.99
2099,388,2025-09-04,33,2275,0.99,1,0.99
2100,388,2025-09-04,33,2279,0.99,1,0.99
2101,388,2025-09-04,33,2283,0.99,1,0.99
2102,388,2025-09-04,33,2287,0.99,1,0.99
2103,389,2025-09-07,39,2293,0.99,1,0.99
2104,389,2025-09-07,39,2299,0.99,1,0.99
2105,389,2025-09-07,39,2305,0.99,1,0.99
2106,389,2025-09-07,39,2311,0.99,1,0.99
2107,389,2025-09-07,39,2317,0.99,1,0.99
2108,389,2025-09-07,39,2323,0.99,1,0.99
2109,389,2025-09-07,39,2329,0.99,1,0.99
2110,389,2025-09-07,39,2335,0.99,1,0.99
2111,389,2025-09-07,39,2341,0.99,1,0.99
2112,390,2025-09-12,48,2350,0.99,1,0.99
2113,390,2025-09-12,48,2359,0.99,1,0.99
2114,390,2025-09-12,48,2368,0.99,1,0.99
2115,390,2025-09-12,48,2377,0.99,1,0.99
2116,390,2025-09-12,48,2386,0.99,1,0.99
2117,390,2025-09-12,48,2395,0.99,1,0.99
2118,390,2025-09-12,48,2404,0.99,1,0.99
2119,390,2025-09-12,48,2413,0.99,1,0.99
2120,390,2025-09-12,48,2422,0.99,1,0.99
2121,390,2025-09-12,48,2431,0.99,1,0.99
2122,390,2025-09-12,48,2440,0.99,1,0.99
2123,390,2025-09-12,48,2449,0.99,1,0.99
2124,390,2025-09-12,48,2458,0.99,1,0.99
2125,390,2025-09-12,48,2467,0.99,1,0.99
2126,391,2025-09-20,3,2481,0.99,1,0.99
2127,392,2025-10-03,4,2482,0.99,1,0.99
2128,392,2025-10-03,4,2483,0.99,1,0.99
2129,393,2025-10-03,6,2485,0.99,1,0.99
2130,393,2025-10-03,6,2487,0.99,1,0.99
2131,394,2025-10-04,8,2489,0.99,1,0.99
2132,394,2025-10-04,8,2491,0.99,1,0.99
2133,394,2025-10-04,8,2493,0.99,1,0.99
2134,394,2025-10-04,8,2495,0.99,1,0.99
2135,395,2025-10-05,12,2499,0.99,1,0.99
2136,395,2025-10-05,12,2503,0.99,1,0.99
2137,395,2025-10-05,12,2507,0.99,1,0.99
2138,395,2025-10-05,12,2511,0.99,1,0.99
2139,395,2025-10-05,12,2515,0.99,1,0.99
2140,395,2025-10-05,12,2519,0.99,1,0.99
2141,396,2025-10-08,18,2525,0.99,1,0.99
2142,396,2025-10-08,18,2531,0.99,1,0.99
2143,396,2025-10-08,18,2537,0.99,1,0.99
2144,396,2025-10-08,18,2543,0.99,1,0.99
2145,396,2025-10-08,18,2549,0.99,1,0.99
2146,396,2025-10-08,18,2555,0.99,1,0.99
2147,396,2025-10-08,18,2561,0.99,1,0.99
2148,396,2025-10-08,18,2567,0.99,1,0.99
2149,396,2025-10-08,18,2573,0.99,1,0.99
2150,397,2025-10-13,27,2582,0.99,1,0.99
2151,397,2025-10-13,27,2591,0.99,1,0.99
2152,397,2025-10-13,27,2600,0.99,1,0.99
2153,397,2025-10-13,27,2609,0.99,1,0.99
2154,397,2025-10-13,27,2618,0.99,1,0.99
2155,397,2025-10-13,27,2627,0.99,1,0.99
2156,397,2025-10-13,27,2636,0.99,1,0.99
2157,397,2025-10-13,27,2645,0.99,1,0.99
2158,397,2025-10-13,27,2654,0.99,1,0.99
2159,397,2025-10-13,27,2663,0.99,1,0.99
2160,397,2025-10-13,27,2672,0.99,1,0.99
2161,397,2025-10-13,27,2681,0.99,1,0.99
2162,397,2025-10-13,27,2690,0.99,1,0.99
2163,397,2025-10-13,27,2699,0.99,1,0.99
2164,398,2025-10-21,41,2713,0.99,1,0.99
2165,399,2025-11-03,42,2714,0.99,1,0.99
2166,399,2025-11-03,42,2715,0.99,1,0.99
2167,400,2025-11-03,44,2717,0.99,1,0.99
2168,400,2025-11-03,44,2719,0.99,1,0.99
2169,401,2025-11-04,46,2721,0.99,1,0.99
2170,401,2025-11-04,46,2723,0.99,1,0.99
2171,401,2025-11-04,46,2725,0.99,1,0.99
2172,401,2025-11-04,46,2727,0.99,1,0.99
2173,402,2025-11-05,50,2731,0.99,1,0.99
2174,402,2025-11-05,50,2735,0.99,1,0.99
2175,402,2025-11-05,50,2739,0.99,1,0.99
2176,402,2025-11-05,50,2743,0.99,1,0.99
2177,402,2025-11-05,50,2747,0.99,1,0.99
2178,402,2025-11-05,50,2751,0.99,1,0.99
2179,403,2025-11-08,56,2757,0.99,1,0.99
2180,403,2025-11-08,56,2763,0.99,1,0.99
2181,403,2025-11-08,56,2769,0.99,1,0.99
2182,403,2025-11-08,56,2775,0.99,1,0.99
2183,403,2025-11-08,56,2781,0.99,1,0.99
2184,403,2025-11-08,56,2787,0.99,1,0.99
2185,403,2025-11-08,56,2793,0.99,1,0.99
2186,403,2025-11-08,56,2799,0.99,1,0.99
2187,403,2025-11-08,56,2805,0.99,1,0.99
2188,404,2025-11-13,6,2814,0.99,1,0.99
2189,404,2025-11-13,6,2823,1.99,1,1.99
2190,404,2025-11-13,6,2832,1.99,1,1.99
2191,404,2025-11-13,6,2841,1.99,1,1.99
2192,404,2025-11-13,6,2850,1.99,1,1.99
2193,404,2025-11-13,6,2859,1.99,1,1.99
2194,404,2025-11-13,6,2868,1.99,1,1.99
2195,404,2025-11-13,6,2877,1.99,1,1.99
2196,404,2025-11-13,6,2886,1.99,1,1.99
2197,404,2025-11-13,6,2895,1.99,1,1.99
2198,404,2025-11-13,6,2904,1.99,1,1.99
2199,404,2025-11-13,6,2913,1.99,1,1.99
2200,404,2025-11-13,6,2922,1.99,1,1.99
2201,404,2025-11-13,6,2931,0.99,1,0.99
2202,405,2025-11-21,20,2945,0.99,1,0.99
2203,406,2025-12-04,21,2946,0.99,1,0.99
2204,406,2025-12-04,21,2947,0.99,1,0.99
2205,407,2025-12-04,23,2949,0.99,1,0.99
2206,407,2025-12-04,23,2951,0.99,1,0.99
2207,408,2025-12-05,25,2953,0.99,1,0.99
2208,408,2025-12-05,25,2955,0.99,1,0.99
2209,408,2025-12-05,25,2957,0.99,1,0.99
2210,408,2025-12-05,25,2959,0.99,1,0.99
2211,409,2025-12-06,29,2963,0.99,1,0.99
2212,409,2025-12-06,29,2967,0.99,1,0.99
2213,409,2025-12-06,29,2971,0.99,1,0.99
2214,409,2025-12-06,29,2975,0.99,1,0.99
2215,409,2025-12-06,29,2979,0.99,1,0.99
2216,409,2025-12-06,29,2983,0.99,1,0.99
2217,410,2025-12-09,35,2989,0.99,1,0.99
2218,410,2025-12-09,35,2995,0.99,1,0.99
2219,410,2025-12-09,35,3001,0.99,1,0.99
2220,410,2025-12-09,35,3007,0.99,1,0.99
2221,410,2025-12-09,35,3013,0.99,1,0.99
2222,410,2025-12-09,35,3019,0.99,1,0.99
2223,410,2025-12-09,35,3025,0.99,1,0.99
2224,410,2025-12-09,35,3031,0.99,1,0.99
2225,410,2025-12-09,35,3037,0.99,1,0.99
2226,411,2025-12-14,44,3046,0.99,1,0.99
2227,411,2025-12-14,44,3055,0.99,1,0.99
2228,411,2025-12-14,44,3064,0.99,1,0.99
2229,411,2025-12-14,44,3073,0.99,1,0.99
2230,411,2025-12-14,44,3082,0.99,1,0.99
2231,411,2025-12-14,44,3091,0.99,1,0.99
2232,411,2025-12-14,44,3100,0.99,1,0.99
2233,411,2025-12-14,44,3109,0.99,1,0.99
2234,411,2025-12-14,44,3118,0.99,1,0.99
2235,411,2025-12-14,44,3127,0.99,1,0.99
2236,411,2025-12-14,44,3136,0.99,1,0.99
2237,411,2025-12-14,44,3145,0.99,1,0.99
2238,411,2025-12-14,44,3154,0.99,1,0.99
2239,411,2025-12-14,44,3163,0.99,1,0.99
2240,412,2025-12-22,58,3177,1.99,1,1.99
